id,domain,status,purchase_price,renewal_price,attractiveness,demand,length,registrar,created_at,expires_at,status_verified_at
a5cbda1e-a27c-459e-9163-8c786c3ab6a6,privilege.fail,available,59.99,59.99,high,low,9,godaddy,,,28/09/2026 01:52
f71e9676-22ba-42b9-89e4-dabf4a19f0d9,aeolian.fail,available,14.99,46.99,medium,low,7,name.com,,,
3c5bfeaf-feba-46c2-a4ce-de47ccc86a0d,energetic.fail,available,38.99,38.99,high,low,9,namesilo,,,27/09/2026 06:59
6909eb08-c998-40bd-b33f-04af9024eac5,refuse.fail,available,38.99,38.99,medium,low,6,namesilo,,,27/09/2026 02:42
5f45b355-2982-41d9-ab64-badd9a13493d,addresses.fail,available,14.99,,medium,low,9,name.com,,,
edcaf85c-7217-44fb-afb3-206e574873b3,challenged.fail,available,40.98,50.98,medium,low,10,namecheap,,,28/09/2026 11:21
bbdbd778-ee22-4284-8319-1f1192a89181,quantal.fail,available,38.99,38.99,medium,low,7,namesilo,,,09/09/2026 07:28
4afbdee1-72d6-49dc-86ba-085a05dbbed3,cinnabar.fail,available,14.99,46.99,medium,low,8,name.com,,,12/08/2026 05:49
fcb9e727-8508-4914-8163-374798ce2fe3,bucolic.fail,available,14.99,46.99,high,low,7,name.com,,,06/08/2026 14:14
e02c951f-1fde-4177-b309-24d136ab19d9,tempting.fail,available,38.99,38.99,high,low,8,namesilo,,,22/09/2026 01:44
cb861744-f445-4d9f-83f8-633b2312c385,meld.fail,available,38.99,38.99,high,low,4,namesilo,,,22/09/2026 11:20
45b55c4c-5f94-49cf-a652-3b94b84db799,dedicate.fail,available,31.25,31.25,high,low,8,spaceship,,,30/09/2026 18:29
2ceccbb1-50df-429f-8565-3079a6be8732,rubbery.fail,available,14.99,46.99,medium,low,7,name.com,,,20/08/2026 20:09
b1f2e25f-4d94-49d9-9fef-83b05e463b60,pot.fail,premium,85.8,85.8,high,low,3,namecheap,,,25/09/2026 20:52
18479fad-8872-4c2f-a220-c6ff4cee6589,cardigan.fail,available,38.99,38.99,high,low,8,namesilo,,,24/09/2026 12:52
b556adb7-c272-44b3-9262-a20557ff8a38,pavel.fail,available,8.24,32.32,medium,low,5,dynadot,,,28/09/2026 12:06
972b6a9a-9b1a-440d-9f3a-e0e9b84e6123,glistening.fail,available,14.99,46.99,high,low,10,name.com,,,20/08/2026 14:30
5aed21b6-8e4b-431d-a1d0-dddc7df09188,wage.fail,available,30.2,30.2,high,low,4,cloudflare,,,28/09/2026 10:40
5c78ed0d-2473-4d49-b610-40d5a5b8a3c7,roman.fail,available,38.99,38.99,high,low,5,namesilo,,,27/09/2026 02:43
13f86073-7dfb-4282-b3d6-3e46025d8855,minsk.fail,available,30.2,30.2,high,low,5,cloudflare,,,28/09/2026 05:24
17d8b848-9afe-4e25-9141-152556841591,barebacked.fail,available,14.99,46.99,medium,low,10,name.com,,,08/08/2026 18:44
6fe2578b-106a-446b-ac54-3d01a859354b,sixteen.fail,available,38.99,38.99,high,low,7,namesilo,,,21/09/2026 11:48
293bab41-a1a6-4e49-85fc-729f30b1e79d,polk.fail,available,38.99,38.99,high,low,4,namesilo,,,29/09/2026 07:22
1e0b76b8-e39f-4298-9e50-ee4097a7b921,bazar.fail,available,40.98,50.98,high,low,5,namecheap,,,22/09/2026 18:23
d8f40257-83bd-4408-8382-bd4c0d3b2cbb,kat.fail,available,38.99,38.99,high,low,3,namesilo,,,17/09/2026 15:23
a3c6c63e-5d4e-4050-a16c-67743b6e8796,heightened.fail,available,31.25,31.25,high,low,10,spaceship,,,29/09/2026 21:14
b7239984-fa46-47b4-af0e-ffe1d061f759,nihility.fail,available,38.99,38.99,medium,low,8,namesilo,,,13/09/2026 06:35
2730efa9-ac9e-4c6a-b494-863fad2f95bb,squadron.fail,available,8.24,32.32,high,low,8,dynadot,,,29/09/2026 08:06
87c47874-d8c9-4df3-9dc4-c07897d2ab13,primes.fail,available,38.99,38.99,medium,low,6,namesilo,,,20/09/2026 11:21
a5169b96-ccb4-4d10-a1cb-11e9734dde80,stayed.fail,available,38.99,38.99,medium,low,6,namesilo,,,27/09/2026 02:56
d370cb5c-5ad9-499b-8995-764ff23a7a03,soporific.fail,available,14.99,46.99,medium,low,9,name.com,,,21/08/2026 16:58
39b6e4f1-65f0-4b5d-a944-83b9d6265f29,purposive.fail,available,14.99,46.99,high,low,9,name.com,,,20/08/2026 15:51
7552e677-2ccb-4f2c-917d-c1d477b80ce2,innermost.fail,available,14.99,46.99,medium,low,9,name.com,,,22/08/2026 05:53
8cabeea4-d2f7-431c-9b48-b04b1e5494b2,sails.fail,available,8.24,31.41,high,low,5,porkbun,,,28/09/2026 23:18
e112ef04-09f0-4d3a-9ae0-2ad5de9a3027,writings.fail,available,59.99,59.99,high,low,8,godaddy,,,30/09/2026 01:48
d58ddff2-7934-4dc7-bf6a-123cd1fa642b,receives.fail,available,38.99,38.99,medium,low,8,namesilo,,,18/09/2026 17:46
7b421cdc-17dd-41b1-a359-172994206c12,identified.fail,available,38.99,38.99,high,low,10,namesilo,,,25/09/2026 07:25
063a7f3f-bde6-4213-8234-8f4a08fbabef,hodgson.fail,available,31.25,31.25,medium,low,7,spaceship,,,28/09/2026 04:09
a9e03c08-e5cb-45e3-8744-dedc85b9ca66,pillar.fail,available,40.98,50.98,high,low,6,namecheap,,,29/09/2026 13:21
e5ba5fb2-4b34-4cee-a083-0122dad176e7,dividable.fail,available,14.99,46.99,medium,low,9,name.com,,,14/08/2026 13:41
bb103e11-ce3f-4f15-a695-722b9f12186b,defiantly.fail,available,38.99,38.99,medium,low,9,namesilo,,,14/09/2026 08:33
ed99fe43-ce8a-4d44-9d6d-e12d98235f54,collide.fail,available,38.99,38.99,high,low,7,namesilo,,,24/09/2026 15:18
1a3f82cf-09e4-4c2a-82b6-e7d32a777552,slyly.fail,available,38.99,38.99,medium,low,5,namesilo,,,14/09/2026 09:08
eeede754-52e5-4c0e-9515-3232d1783918,carrot.fail,available,31.25,31.25,high,low,6,spaceship,,,29/09/2026 00:20
4908ce02-3a4d-425f-8c61-6ef508a2b96a,kathleen.fail,available,38.99,38.99,high,low,8,namesilo,,,25/09/2026 14:34
2dab3e47-52af-46b7-af22-a2ea29c9b0a1,lights.fail,available,14.99,,high,low,6,name.com,,,
89e94eca-e846-467a-8a31-36127a072576,attended.fail,available,40.98,50.98,medium,low,8,namecheap,,,22/09/2026 11:17
6d58098d-87de-44fe-b3df-dd1f16880444,ineffective.fail,available,38.99,38.99,medium,low,11,namesilo,,,30/09/2026 12:11
87ed1709-542e-4221-bdf5-434d1ae81340,cooled.fail,available,38.99,38.99,medium,low,6,namesilo,,,30/09/2026 06:31
b6faf88d-6d40-430d-97c7-e62aca113a76,hypothesis.fail,available,38.99,38.99,high,low,10,namesilo,,,29/09/2026 02:33
cdb0cb28-19f7-4b8e-abb2-abbf67157d87,attention.fail,available,38.99,38.99,high,low,9,namesilo,,,28/09/2026 02:14
0958181c-2881-4f62-8773-d610ee847e2a,tastes.fail,available,38.99,38.99,medium,low,6,namesilo,,,19/09/2026 00:38
d3f84d5d-76f6-4270-9863-a8f8b272dc60,explosives.fail,available,31.25,31.25,medium,low,10,spaceship,,,28/09/2026 04:36
a6ce3712-a6e3-4738-85db-3d8456691a45,selfless.fail,available,38.99,38.99,high,low,8,namesilo,,,22/09/2026 02:51
f260561e-24e7-498b-9c99-cd69e4042ab9,divers.fail,available,14.99,,high,low,6,name.com,,,
02a99336-a964-4eaf-af33-493f555955bf,nightclub.fail,available,30.2,30.2,high,low,9,cloudflare,,,29/09/2026 00:18
a909bf49-41f8-460f-9558-4e5b9e396188,smoker.fail,available,31.25,31.25,medium,low,6,spaceship,,,30/09/2026 02:54
2e739f62-4c35-4ebb-ad22-bdf0b0336e23,bradstreet.fail,available,38.99,38.99,medium,low,10,namesilo,,,19/09/2026 10:16
20662b63-e063-40d2-add0-c8718c7f9f21,coffeemakers.fail,available,40.98,50.98,medium,low,12,namecheap,,,21/09/2026 01:27
4d35a5b4-a9b8-4832-83f0-4730a0fe27ba,teller.fail,available,38.99,38.99,high,low,6,namesilo,,,22/09/2026 02:23
8fd3f764-17e2-4e90-8433-71d450d38c0a,barouche.fail,available,38.99,38.99,medium,low,8,namesilo,,,22/09/2026 07:43
bcd8e89c-a7a5-4cc0-9308-cf641e550305,inspired.fail,available,38.99,38.99,high,low,8,namesilo,,,25/09/2026 09:48
762dfcd3-201e-4d3d-9322-f691b55a8da0,benton.fail,available,38.99,38.99,high,low,6,namesilo,,,25/09/2026 17:00
898988b4-bc41-4af2-b18e-9bbbce350d06,sumbody.fail,available,14.99,,low,low,7,name.com,,,
89f315fb-9ac7-4053-8ce7-72377406ef25,nga.fail,premium,,,medium,low,3,,,,30/09/2026 18:08
68fe0888-05db-4c16-ac72-af7b8356d25f,straighten.fail,available,38.99,38.99,high,low,10,namesilo,,,11/09/2026 15:43
205d7722-896c-4ed5-8931-70a3791c40b8,myself.fail,available,38.99,38.99,high,low,6,namesilo,,,25/09/2026 12:53
2de4fa51-3fc9-4e18-afae-2b6e94c4adbd,batting.fail,available,38.99,38.99,high,low,7,namesilo,,,22/09/2026 14:25
260f7e4c-f918-44ed-a456-a4947583e883,arapaho.fail,available,38.99,38.99,medium,low,7,namesilo,,,20/09/2026 00:08
fa19bf3a-fd24-4ec4-baed-31c4c389e57a,haploid.fail,available,14.99,46.99,medium,low,7,name.com,,,20/08/2026 23:55
e17575ff-a070-4575-895d-70ed57874086,outlandish.fail,available,14.99,46.99,medium,low,10,name.com,,,10/08/2026 10:37
6d14c5da-7cf1-42b8-afa7-2ebab434bba7,fraught.fail,available,14.99,46.99,medium,low,7,name.com,,,18/08/2026 14:23
448a838c-ec7c-4444-9f4d-ba849e36bb51,noel.fail,available,40.98,50.98,high,low,4,namecheap,,,24/09/2026 14:54
e584f2ff-99e3-4142-a5f2-84b8e806f43f,congestion.fail,available,31.25,31.25,high,low,10,spaceship,,,29/09/2026 10:56
b7000e3e-9b5e-4049-bd7e-7ddca83380b9,underneath.fail,available,38.99,38.99,high,low,10,namesilo,,,16/09/2026 09:57
1e5a4ab4-397e-4731-9290-ed60d6b4e925,salsa.fail,available,40.98,50.98,high,low,5,namecheap,,,29/09/2026 20:15
aa2936d2-6f2c-4722-9e1f-e044e423a918,aerogram.fail,available,38.99,38.99,medium,low,8,namesilo,,,17/09/2026 13:04
baa91725-d668-4315-a0bf-69d4b447103f,crescent.fail,available,14.99,46.99,high,low,8,name.com,,,13/08/2026 06:14
de1eacbc-a190-452e-a427-e91dcd2cd5e2,birdfeeder.fail,available,40.98,50.98,medium,low,10,namecheap,,,23/09/2026 19:53
20447330-3e36-469c-8595-5710a8d2a64a,actuality.fail,available,38.99,38.99,high,low,9,namesilo,,,17/09/2026 05:19
928f044f-7387-458b-909e-e547b1f47a4e,stable.fail,available,38.99,38.99,high,low,6,namesilo,,,28/09/2026 00:26
8ad7ae11-6936-45f3-8647-08783a672b50,robed.fail,available,14.99,46.99,medium,low,5,name.com,,,06/08/2026 05:03
28a20c24-4340-425c-97f1-f56b75ccec4b,redbrush.fail,available,38.99,38.99,medium,low,8,namesilo,,,18/09/2026 19:44
f16d3e3d-8a45-4a9b-9a3c-ba29fa5f5ce1,sauk.fail,available,38.99,38.99,high,low,4,namesilo,,,30/09/2026 10:59
fb9f6e5c-4d13-48bc-8c4d-12d5a6f80ce0,albizia.fail,available,38.99,38.99,high,low,7,namesilo,,,18/09/2026 03:01
e8dcf232-5686-4b7b-b9d1-0de13731bda7,flashily.fail,available,40.98,50.98,medium,low,8,namecheap,,,14/09/2026 18:54
cbfae79c-8a4a-4fa9-afd7-8182bb3eaef5,literary.fail,available,30.2,30.2,high,low,8,cloudflare,,,28/09/2026 07:59
ca9027ea-f9ca-4cb3-869a-4f309a710bfa,contrabass.fail,available,14.99,46.99,medium,low,10,name.com,,,12/08/2026 23:28
ab83539f-a587-4b64-adeb-c2bb51fc3425,permutable.fail,available,40.98,50.98,medium,low,10,namecheap,,,08/09/2026 17:50
95d77ee5-2f89-48c6-ac97-f51f500079a3,nourish.fail,available,38.99,38.99,high,low,7,namesilo,,,18/09/2026 07:58
608b4fee-4c68-49d6-b7cc-ef387adebc49,lean.fail,available,14.99,46.99,high,low,4,name.com,,,22/08/2026 22:04
447e9692-b2df-4ec8-bd11-c75398c27a6a,larry.fail,available,38.99,38.99,high,low,5,namesilo,,,25/09/2026 12:43
34b7631f-f571-408a-982c-abb5654a606d,debris.fail,available,30.2,30.2,medium,low,6,cloudflare,,,28/09/2026 18:54
37633c1d-3a31-45b6-bc33-0b21f7a83edf,detail.fail,available,31.25,31.25,high,low,6,spaceship,,,29/09/2026 14:10
273ceb0b-6f74-4272-ae02-c0cd5b940823,mortgaged.fail,available,14.99,46.99,medium,low,9,name.com,,,25/08/2026 06:38
2c6ea97a-832c-4913-8962-1c1ca28e89a5,madam.fail,available,38.99,38.99,high,low,5,namesilo,,,24/09/2026 10:51
34fa4076-5b41-4773-8959-c3770fb010ce,devotes.fail,available,38.99,38.99,medium,low,7,namesilo,,,20/09/2026 02:04
3070bbdc-9a21-4ab4-9595-e9aadd6ba4c4,agdistis.fail,available,38.99,38.99,medium,low,8,namesilo,,,17/09/2026 16:43
e19950be-3618-4914-ad55-a0fab1fa55fb,jin.fail,available,31.25,31.25,high,low,3,spaceship,,,28/09/2026 07:26
b8c3ddbb-edd8-4016-be92-e33a01d89563,tsa.fail,available,31.25,31.25,high,low,3,spaceship,,,30/09/2026 19:01
8b0c03cb-fb45-442f-994d-d07581e27c93,pacemaker.fail,available,38.99,38.99,high,low,9,namesilo,,,20/09/2026 11:42
07416d1f-3a1f-4e3b-9ee6-8c4b077b65c0,awry.fail,available,14.99,46.99,medium,low,4,name.com,,,
53f99a0e-5028-4741-8767-e21729d5ddec,libertine.fail,available,14.99,46.99,medium,low,9,name.com,,,13/08/2026 20:22
6f5e3be1-a810-408e-892b-8f023df13aa6,thallium.fail,available,38.99,38.99,medium,low,8,namesilo,,,20/09/2026 23:51
ae048605-1b5e-48af-b010-6ae6c02352de,hounds.fail,available,40.98,50.98,medium,low,6,namecheap,,,30/09/2026 22:40
e32d9571-05a1-4462-be30-944a9657eb99,allies.fail,available,40.98,50.98,high,low,6,namecheap,,,28/09/2026 20:34
ecccda07-a006-431f-85dc-50024ef71d44,insert.fail,available,38.99,38.99,high,low,6,namesilo,,,24/09/2026 20:42
6215d668-7c3b-4cbf-9823-7c9c8337636d,prevented.fail,available,38.99,38.99,medium,low,9,namesilo,,,29/09/2026 10:45
da5eb527-4fa8-44fc-abb1-f5df10599792,competitors.fail,available,8.24,32.32,medium,low,11,dynadot,,,29/09/2026 11:34
9cf1f3cc-0308-477f-805e-8348eb31d325,flustered.fail,available,14.99,46.99,medium,low,9,name.com,,,18/08/2026 09:29
fd810d24-633f-4c20-a53a-61e22e510d96,sponge.fail,available,14.99,46.99,high,low,6,name.com,,,11/08/2026 09:32
5bace253-1419-4adf-be0f-042c4cc802e5,dopy.fail,available,14.99,46.99,low,low,4,name.com,,,14/08/2026 16:02
1fceaf6e-aed0-4c9c-9df6-b712b2b43d82,paperback.fail,available,38.99,38.99,high,low,9,namesilo,,,27/09/2026 02:40
c91ba07a-9aee-4ffb-9855-94ca1b44f368,lamplit.fail,available,14.99,46.99,medium,low,7,name.com,,,22/08/2026 19:11
d561072d-434a-4ae2-936d-46d93fc7dc11,xii.fail,premium,78.54,78.54,high,low,3,namesilo,,,21/09/2026 11:25
5736913d-d6fe-4a91-bb9f-fdd76e5a411b,chemical.fail,available,38.99,38.99,high,low,8,namesilo,,,08/09/2026 15:30
2a235e84-9fd9-42b9-b9f4-295bb3d6c3b5,paying.fail,available,38.99,38.99,high,low,6,namesilo,,,24/09/2026 22:11
14f79d67-b314-4d29-85cb-7e686a9f039b,fugly.fail,available,14.99,46.99,medium,low,5,name.com,,,18/08/2026 17:49
42f436f2-6eae-4f90-8e8a-643bf394b283,streaked.fail,available,38.99,38.99,medium,low,8,namesilo,,,10/09/2026 22:16
20e8ece4-9389-4875-8d62-96fb55287e3f,downriver.fail,available,14.99,46.99,medium,low,9,name.com,,,14/08/2026 18:01
3dc1ffca-14c1-4ccf-bae0-8a08baa444ef,armagnac.fail,available,38.99,38.99,medium,low,8,namesilo,,,20/09/2026 06:29
b068a92a-0eea-4e97-861c-63f95ab000bd,minoan.fail,available,14.99,46.99,medium,low,6,name.com,,,24/08/2026 23:59
67e6f159-f31e-4a7e-bfa9-a1a82e7b0125,carmelite.fail,available,14.99,46.99,medium,low,9,name.com,,,11/08/2026 19:22
aa2a6d26-1a69-4d8f-8765-5a6ecbfaee02,beheading.fail,available,38.99,38.99,medium,low,9,namesilo,,,23/09/2026 03:20
918cad52-c9d9-467b-ac81-4d8ff155fc22,cut.fail,premium,38.94,38.94,high,low,3,namesilo,,,24/09/2026 04:08
a6637a94-e991-40f2-97f0-233268ce25f1,schoenberg.fail,available,38.99,38.99,medium,low,10,namesilo,,,20/09/2026 08:21
6c81e451-c68c-48b4-bb32-852f3a734538,bilsted.fail,available,40.98,50.98,medium,low,7,namecheap,,,18/09/2026 20:49
a77fe047-f68d-406b-b754-c84cb14ab4b7,lettres.fail,available,8.24,31.41,medium,low,7,porkbun,,,29/09/2026 05:30
11b60ae4-bd97-4114-8b10-083575f972b8,lands.fail,available,38.99,38.99,medium,low,5,namesilo,,,28/09/2026 04:27
abb85e34-2f2a-4994-b712-e7fc9429a914,dented.fail,available,14.99,46.99,medium,low,6,name.com,,,13/08/2026 09:08
bbb898ca-0fae-4a11-a051-48126856ea4d,smoke.fail,available,31.25,31.25,high,low,5,spaceship,,,27/09/2026 23:23
9628e974-a4b5-4e3b-abe8-30ab5f78edeb,twelfth.fail,available,14.99,46.99,high,low,7,name.com,,,
9dc98093-9062-45ad-9841-da6739149143,empire.fail,available,38.99,38.99,high,medium,6,namesilo,,,25/09/2026 05:34
407f9569-ad6d-425f-a857-ceed6e316bee,apery.fail,available,38.99,38.99,medium,low,5,namesilo,,,19/09/2026 16:43
e8208c32-bdb3-4a5b-81a0-60d71c105850,tex.fail,available,38.99,38.99,medium,low,3,namesilo,,,29/09/2026 03:26
cac56cb1-5ecb-4c3f-b5f0-eb54cb845788,coordinates.fail,available,31.25,31.25,medium,low,11,spaceship,,,30/09/2026 15:15
2f2ceeea-61d6-4d0b-b4c8-97b35b5fcdf6,planetarium.fail,available,14.99,,high,low,11,name.com,,,
3c57c747-4f19-4e75-aeb1-a92502d9a247,dana.fail,available,40.98,50.98,high,low,4,namecheap,,,25/09/2026 22:21
b2794ee3-9f9b-4d58-986f-889cfcb94fed,hegel.fail,available,30.2,30.2,medium,low,5,cloudflare,,,28/09/2026 14:17
2bd39ad7-9543-486f-875c-7a9354e84b63,scorn.fail,available,38.99,38.99,medium,low,5,namesilo,,,24/09/2026 17:41
52b65cb3-c596-4007-9ccd-8efa34bc122d,cynthia.fail,available,38.99,38.99,high,low,7,namesilo,,,20/09/2026 10:13
24f083f0-b7e8-4923-a2dd-9c82975ef9b8,trumbull.fail,available,40.98,50.98,medium,low,8,namecheap,,,28/09/2026 14:37
216a4092-7c8f-4409-9962-d24faaf3e49b,engraved.fail,available,14.99,46.99,high,low,8,name.com,,,17/08/2026 07:40
30aa6ae6-531f-4b14-b895-76d55006252b,varicella.fail,available,38.99,38.99,medium,low,9,namesilo,,,24/09/2026 14:29
4b6d9da3-19d1-44fa-8686-0f445f111dda,snooty.fail,available,14.99,46.99,medium,low,6,name.com,,,09/08/2026 20:39
afe13e28-2149-4c9c-90a1-e4eb3ed79915,asper.fail,available,38.99,38.99,medium,low,5,namesilo,,,20/09/2026 14:47
048e2100-e08e-4ae1-bca9-93884191ea88,postcard.fail,available,38.99,38.99,high,low,8,namesilo,,,29/09/2026 13:21
de0c2bb3-52db-4f2a-b3ff-d68eeff81056,witting.fail,available,14.99,46.99,medium,low,7,name.com,,,12/08/2026 22:24
2c74b6bf-37d9-459c-9af1-55b2ed330875,stables.fail,available,31.25,31.25,medium,low,7,spaceship,,,28/09/2026 23:40
2b27ac80-2b1b-4ac2-86a9-0c2161bd6de5,albert.fail,available,40.98,50.98,high,low,6,namecheap,,,18/09/2026 02:35
ee3cb1c8-c8ee-4764-bb9f-6cf4f57d3857,woody.fail,available,14.99,46.99,high,low,5,name.com,,,06/08/2026 13:08
060845c8-fbb8-4163-9fe2-9d8624da8607,boost.fail,available,8.24,32.32,high,medium,5,dynadot,,,29/09/2026 03:38
2f919a70-2b3e-4ee4-a65f-090ab26d0c42,dolphins.fail,available,30.2,30.2,medium,low,8,cloudflare,,,28/09/2026 18:14
8d0b7a80-d69e-4aec-896b-ff7c052a5cd5,oldfield.fail,available,38.99,38.99,medium,low,8,namesilo,,,22/09/2026 06:52
76d5a826-88be-4198-a72f-3e479422563c,bikers.fail,available,38.99,38.99,high,low,6,namesilo,,,23/09/2026 15:36
199231a0-ec69-4457-b01c-0bed532156c2,ammonia.fail,available,14.99,46.99,high,low,7,name.com,,,18/09/2026 22:08
1836f66b-7472-43f5-acd4-3461975cc980,gogh.fail,available,40.98,50.98,medium,low,4,namecheap,,,28/09/2026 19:21
4b95da95-6f2f-4251-90aa-70cb4577f967,kagan.fail,available,38.99,38.99,medium,low,5,namesilo,,,30/09/2026 12:34
e24d6286-4c19-4746-86e1-9188cffe2280,gina.fail,available,31.25,31.25,high,low,4,spaceship,,,27/09/2026 17:32
9991ea82-7971-47e3-af94-e3626bf9d8d6,basel.fail,available,38.99,38.99,high,medium,5,namesilo,,,22/09/2026 10:13
4019cb56-398b-47a0-b041-c814a96bda3a,heavenward.fail,available,14.99,46.99,medium,low,10,name.com,,,21/08/2026 02:31
3da6d17e-ca95-4fee-9b24-808a260bb77e,ici.fail,available,38.99,38.99,high,low,3,namesilo,,,30/09/2026 05:17
31652679-83e4-4221-9846-f7945777e111,eleven.fail,available,38.99,38.99,high,low,6,namesilo,,,21/09/2026 11:20
2e014d23-d113-470a-8d97-fdb3aca20e5d,insignia.fail,available,8.24,31.41,high,low,8,porkbun,,,30/09/2026 17:42
07e647c7-3dd6-44bb-9857-ebfe34923cc6,dollars.fail,available,40.98,50.98,high,low,7,namecheap,,,17/09/2026 07:00
0c82a44a-2d8c-46dc-a12b-d4783197ab87,dryer.fail,available,38.99,38.99,medium,low,5,namesilo,,,29/09/2026 18:42
b3d59589-6a0d-43ae-946d-8fe1026564b8,sail.fail,available,31.25,31.25,high,low,4,spaceship,,,29/09/2026 12:14
0d03f0c1-b91a-4065-b953-0e896bd799ef,hausa.fail,available,30.2,30.2,high,low,5,cloudflare,,,30/09/2026 10:05
c55ecdc6-2fbd-4c16-8b8f-ead5895c74ee,cephalopod.fail,available,14.99,46.99,medium,low,10,name.com,,,12/08/2026 00:21
c54e8541-63a6-491b-967a-b82881283dc2,slut.fail,available,38.99,38.99,high,low,4,namesilo,,,17/09/2026 10:21
f04dc544-bd44-4e0e-a81e-fd486b4cdb99,hermetic.fail,available,14.99,46.99,medium,low,8,name.com,,,21/08/2026 07:10
435d6c1c-495b-4bb4-9849-18391b622315,player.fail,available,8.24,31.41,high,low,6,porkbun,,,01/10/2026 03:06
3c65496e-e318-4992-8cf5-2269088bd04a,damaged.fail,available,14.99,46.99,medium,low,7,name.com,,,13/08/2026 16:03
f31e7b2f-cdb7-40e4-a614-3665c352e02f,tomas.fail,available,8.24,31.41,medium,low,5,porkbun,,,28/09/2026 04:37
b67634f8-a019-4fd3-8cdf-21e423c53438,epidemic.fail,available,38.99,38.99,high,low,8,namesilo,,,24/09/2026 14:35
710764ef-f59b-44fc-bdc9-aca7e44739af,autogenic.fail,available,14.99,46.99,medium,low,9,name.com,,,07/08/2026 20:21
e0271ca1-5126-4d6e-9f73-bba5507318bb,leaked.fail,available,31.25,31.25,high,low,6,spaceship,,,30/09/2026 06:51
2a887e88-bcff-46a8-933e-6a25e81673be,excel.fail,available,30.2,30.2,high,low,5,cloudflare,,,30/09/2026 19:22
ee4c0542-3fe3-457d-8c48-938f991436c4,akvavit.fail,available,38.99,38.99,medium,low,7,namesilo,,,18/09/2026 00:17
622b59e2-e49e-4c0a-a217-107af6e2a8c1,fortune.fail,available,8.24,31.41,high,low,7,porkbun,,,29/09/2026 09:17
8f7911a4-9de6-4df6-a357-6b6f6b4aa4e9,directions.fail,available,38.99,38.99,high,low,10,namesilo,,,27/09/2026 09:16
06ae5cdf-7092-4883-bfc1-d07afacf34f7,monstrous.fail,available,14.99,46.99,medium,low,9,name.com,,,07/08/2026 14:47
a68bddce-cefe-482d-8d6f-2f7fdcc6646d,dualistic.fail,available,14.99,46.99,medium,low,9,name.com,,,14/08/2026 20:40
716b2590-7ffd-4a7a-a08a-73777419c4ed,gorki.fail,available,38.99,38.99,medium,low,5,namesilo,,,18/09/2026 05:08
cc85eb54-fb89-4c44-bb36-777ad5ad04ce,beloved.fail,available,14.99,46.99,high,low,7,name.com,,,09/08/2026 13:47
d6a27e50-2708-4b22-a94c-5634f1c4f300,slice.fail,available,38.99,38.99,high,low,5,namesilo,,,27/09/2026 13:29
c14d2dd8-8b91-4ceb-acbc-bd0922c8fcc0,proposal.fail,available,38.99,38.99,high,low,8,namesilo,,,27/09/2026 04:41
676a777c-39a3-4140-917d-99b28896bde8,sisterly.fail,available,38.99,38.99,high,low,8,namesilo,,,10/09/2026 08:52
1a882354-7838-46c0-956d-7c234ab37cd5,wasteful.fail,available,38.99,38.99,medium,low,8,namesilo,,,12/09/2026 08:47
011e9d90-5f50-41df-9195-2a5d4a2b6b34,panther.fail,available,38.99,38.99,high,low,7,namesilo,,,29/09/2026 11:45
e63da573-e3ae-4ba6-a873-0645cceae2c9,slithery.fail,available,38.99,38.99,medium,low,8,namesilo,,,10/09/2026 11:09
ee06339c-debb-461f-b414-a72b7dd26a9e,tress.fail,available,38.99,38.99,medium,low,5,namesilo,,,24/09/2026 07:57
54743882-bcc3-4ff0-88e8-14b19f046622,lunched.fail,available,14.99,46.99,medium,low,7,name.com,,,21/09/2026 04:17
0bbcc630-cfbc-4fd7-8c95-385f59bec625,conditionally.fail,available,38.99,38.99,medium,low,13,namesilo,,,29/09/2026 14:42
bb37003f-f0ac-4f2d-9f67-1988ef608b01,seasonal.fail,available,38.99,38.99,high,low,8,namesilo,,,10/09/2026 00:58
780f6399-8281-43e4-a76e-1278aed6e03d,manipulation.fail,available,38.99,38.99,high,low,12,namesilo,,,29/09/2026 10:20
dc70da8c-8f49-4b80-a5b3-9b3c1714ce06,imitation.fail,available,14.99,46.99,high,low,9,name.com,,,18/08/2026 00:14
0683e1a5-fa97-43c6-a593-806f9f1b77dc,gainesville.fail,available,38.99,38.99,medium,low,11,namesilo,,,27/09/2026 07:47
bb8fd5e3-75d6-43d0-a7ac-56ce1aa0e090,wounds.fail,available,40.98,50.98,low,low,6,namecheap,,,25/09/2026 19:23
05910cdc-41d9-4f07-8d87-9a9cac3d6986,dysfunctional.fail,available,31.25,31.25,medium,low,13,spaceship,,,30/09/2026 11:37
8154f564-c99b-43ce-bd34-51f07520be04,cardboard.fail,available,14.99,46.99,high,low,9,name.com,,,11/08/2026 18:49
8b829a0f-e09c-42c5-9e3a-83b66000d0d0,broiled.fail,available,14.99,46.99,medium,low,7,name.com,,,11/08/2026 05:19
78b8aa3d-34ff-4652-a413-d1b755a455df,wayfaring.fail,available,38.99,38.99,medium,low,9,namesilo,,,13/09/2026 08:47
87374bad-5bdb-4218-a5f7-f0daba8d53d4,marsha.fail,available,38.99,38.99,high,low,6,namesilo,,,30/09/2026 04:40
da5a0285-6c1f-4233-afd2-f4718906609d,crackers.fail,available,14.99,46.99,medium,low,8,name.com,,,06/08/2026 20:45
e2f7608d-de98-437e-9ab9-155b9de8c3b8,luxurious.fail,available,14.99,46.99,high,low,9,name.com,,,14/08/2026 00:57
a72ef30a-e226-4c9e-aa86-b44b1cedd3fe,barbarians.fail,available,31.25,31.25,medium,low,10,spaceship,,,01/10/2026 00:21
30a45d3f-abc8-4757-b0a5-40b09eda761c,aquanaut.fail,available,38.99,38.99,medium,low,8,namesilo,,,19/09/2026 22:57
56ed6b36-31e9-4c68-96f3-4384943fa04c,lifetime.fail,available,40.98,50.98,medium,low,8,namecheap,,,29/09/2026 16:16
f03969fe-8fe2-4c51-8a8a-1822370c0fa8,coital.fail,available,14.99,46.99,low,low,6,name.com,,,12/08/2026 16:22
f71fb2ac-13c0-4228-9fc7-478201cb147e,kim.fail,premium,128.7,128.7,high,low,3,namecheap,,,25/09/2026 19:17
1975a925-9218-47f5-ae81-7f5b02aa9762,batik.fail,available,38.99,38.99,high,low,5,namesilo,,,22/09/2026 14:02
c48b5653-b8fe-490c-8d6d-f41eaf0a9f91,swaggie.fail,available,38.99,38.99,medium,low,7,namesilo,,,11/09/2026 05:03
e2d3ba51-1699-4d16-96ef-1475ce937083,blob.fail,available,38.99,38.99,medium,low,4,namesilo,,,29/09/2026 02:58
c49a7a1d-bf9c-4e73-81f6-fcd8122e8d00,dipped.fail,available,14.99,46.99,medium,low,6,name.com,,,14/08/2026 08:30
e6d4c4b9-b435-4918-9ea8-9043ad65bd58,kershaw.fail,available,31.25,31.25,medium,low,7,spaceship,,,29/09/2026 22:25
704da47e-1214-486a-998e-98198219bcea,woolwich.fail,available,38.99,38.99,medium,low,8,namesilo,,,29/09/2026 15:50
61736729-c8f3-4c4e-bf2b-06803986cfd3,pond.fail,available,40.98,50.98,high,low,4,namecheap,,,27/09/2026 15:18
08a7ce82-19de-44b7-bc81-b17aa77fa611,herds.fail,available,40.98,50.98,medium,low,5,namecheap,,,19/09/2026 20:40
73f9742d-9619-48cb-9c14-06b510c60596,bagful.fail,available,40.98,50.98,medium,low,6,namecheap,,,21/09/2026 17:57
fa25f030-2308-4ffb-a61f-cadd48b0baf6,thrasher.fail,available,38.99,38.99,medium,low,8,namesilo,,,18/09/2026 13:24
5a3b95e5-8a0f-4e95-9a92-3069a28d376f,dinky.fail,available,14.99,46.99,medium,low,5,name.com,,,14/08/2026 08:14
74335eb6-9ba8-4745-b864-464386a7547d,mass.fail,available,38.99,38.99,high,low,4,namesilo,,,28/09/2026 22:52
6ec57865-c7cc-4e60-b65f-91a52866b4c6,daringly.fail,available,38.99,38.99,medium,low,8,namesilo,,,14/09/2026 10:37
d28ecc62-b60b-48d7-957f-8b41e3337441,express.fail,premium,118.8,118.8,high,low,7,namesilo,,,24/09/2026 16:04
7f87dcd2-7fdb-4219-b1a3-497ed5cdd541,plenteous.fail,available,14.99,46.99,medium,low,9,name.com,,,08/09/2026 21:08
c3c31065-b7c3-4eb7-bfe6-d9e0b6d1d7fe,emphasis.fail,available,38.99,38.99,high,low,8,namesilo,,,29/09/2026 12:11
1704c8c0-0b1a-430d-b981-c13ebde232fa,responds.fail,available,38.99,38.99,high,low,8,namesilo,,,20/09/2026 08:24
c028e843-37ec-4f6c-a5b7-b4f153d08d10,easygoing.fail,available,14.99,46.99,high,low,9,name.com,,,13/08/2026 12:00
76c25418-3e1b-4096-bc01-0a60e4dba57d,emmy.fail,available,38.99,38.99,high,low,4,namesilo,,,29/09/2026 06:46
30d52691-1e6a-4a37-be95-cbab9690c976,sweetheart.fail,available,14.99,46.99,high,low,10,name.com,,,22/08/2026 16:44
969cc11c-7db9-4498-9caf-6bf5dafebf95,bulging.fail,available,14.99,46.99,medium,low,7,name.com,,,09/08/2026 13:41
a99c2a47-c7fd-408f-83f9-e857e91c2b25,gushing.fail,available,14.99,46.99,high,low,7,name.com,,,11/08/2026 10:18
9ad85fe7-5be2-4c12-a4dd-4a4eddac5e51,stimulating.fail,available,31.25,31.25,medium,low,11,spaceship,,,28/09/2026 21:23
1e34df3b-1fe3-4596-a00a-d23b45c51a7a,anchovy.fail,available,38.99,38.99,high,low,7,namesilo,,,19/09/2026 03:46
ee94e72f-0cba-44e3-bf88-66d21b02b94a,selfesteem.fail,available,38.99,38.99,high,low,11,namesilo,,,30/09/2026 06:09
caec7618-6af6-4b9a-b9c7-a678df079f94,fatally.fail,available,40.98,50.98,medium,low,7,namecheap,,,14/09/2026 17:51
9791e63e-99a1-4f0d-8910-b6d319f723a5,utilize.fail,available,59.99,59.99,high,low,7,godaddy,,,30/09/2026 01:31
e600b91a-d5ea-4bd4-a222-c351d92f0681,soapbox.fail,available,14.99,46.99,high,low,7,name.com,,,18/09/2026 17:20
e3e281a0-e1c7-4951-906d-dd493ab22246,kneeling.fail,available,8.24,32.32,high,low,8,dynadot,,,29/09/2026 19:28
a63c8f60-86f7-4311-85f9-d763ab371142,sibley.fail,available,31.25,31.25,medium,low,6,spaceship,,,28/09/2026 22:18
534621a1-a65a-4200-8415-6decae906c58,rehearse.fail,available,30.2,30.2,high,low,8,cloudflare,,,01/10/2026 04:23
fdb16aa9-eac9-4c5e-83ae-e9be92dc506c,dazzlingly.fail,available,38.99,38.99,medium,low,10,namesilo,,,14/09/2026 10:58
7b04fe32-6832-4aaa-b4cf-4b38cc67680f,nance.fail,available,38.99,38.99,medium,low,5,namesilo,,,09/09/2026 08:05
fba9be70-24b6-417e-8eb7-a0013863d681,fifteen.fail,available,38.99,38.99,high,low,7,namesilo,,,21/09/2026 11:44
45cec145-86de-440c-bed3-878681609cdf,absurdly.fail,available,38.99,38.99,medium,low,8,namesilo,,,13/09/2026 16:46
8fb6803a-a4c0-4e4a-9163-6013d43e8b80,doj.fail,available,8.24,31.41,medium,low,3,porkbun,,,29/09/2026 12:03
8cd079a8-263b-4999-8d2b-4403ab133729,gari.fail,available,40.98,50.98,high,low,4,namecheap,,,23/09/2026 22:55
97897b47-1ece-425f-a269-5c2d3cc008f9,utile.fail,available,38.99,38.99,medium,low,5,namesilo,,,13/09/2026 00:01
5826c0b7-e8a7-4264-a0a6-af9e291d8f33,guevara.fail,available,38.99,38.99,medium,low,7,namesilo,,,29/09/2026 11:54
d8fbbf29-e51f-44d7-b872-296ebc19d1b0,sedentary.fail,available,38.99,38.99,medium,low,9,namesilo,,,10/09/2026 01:36
3879bdc9-268c-4a11-a507-eeb9e988263d,saga.fail,available,30.2,30.2,high,medium,4,cloudflare,,,30/09/2026 02:45
f7c2014d-8359-46a6-b337-affefa288486,omaha.fail,available,30.2,30.2,high,low,5,cloudflare,,,28/09/2026 14:49
8adcc1d5-c96b-4da9-ba1b-515832997ccd,venter.fail,available,40.98,50.98,medium,low,6,namecheap,,,16/09/2026 14:46
194b66b7-9f49-4290-b776-f416c5296128,congratulations.fail,available,14.99,,high,low,15,name.com,,,
1f2d9645-bb1d-49fb-a0e7-a57bb1db0012,leslie.fail,available,38.99,38.99,medium,low,6,namesilo,,,25/09/2026 14:15
11c8b88e-af3f-4370-ba67-30f8d6a97829,sirens.fail,available,38.99,38.99,medium,low,6,namesilo,,,21/09/2026 02:34
48f42e15-ba8a-4ea3-8513-9f9ddee34077,aardvark.fail,available,38.99,38.99,high,low,8,namesilo,,,16/09/2026 13:21
6d65afaa-4ec9-4bd2-97b6-cde2518f05d0,relations.fail,available,31.25,31.25,high,low,9,spaceship,,,30/09/2026 09:32
aad23885-3ee2-4854-8d10-b0f86f1ece53,esteem.fail,available,40.98,50.98,high,low,6,namecheap,,,28/09/2026 18:46
2866ef74-f205-43d1-b021-ebe5bda6efc8,colleagues.fail,available,38.99,38.99,medium,low,10,namesilo,,,18/09/2026 23:15
12f2512d-e6b0-4a10-af98-cc769ff1c402,tempering.fail,available,38.99,38.99,medium,low,9,namesilo,,,11/09/2026 10:56
69818a9f-00e6-4432-a3ad-06dae8d75228,sentiment.fail,available,40.98,50.98,high,low,9,namecheap,,,28/09/2026 15:00
4b4798b0-9c20-42a2-906d-175e16e01db1,pasco.fail,available,38.99,38.99,high,low,5,namesilo,,,30/09/2026 13:57
8283f839-7736-4e5d-bf50-9ccfe0fe3c73,beechnut.fail,available,38.99,38.99,medium,low,8,namesilo,,,23/09/2026 00:13
3fdde13d-272d-47c6-ad53-63142a3aa429,striate.fail,available,38.99,38.99,medium,low,7,namesilo,,,10/09/2026 22:36
27fe2e84-1694-4095-a816-5eee26cfa6fb,heat.fail,available,30.2,30.2,high,low,4,cloudflare,,,29/09/2026 18:19
274fee26-fec0-494c-a61c-d39c25fa432e,agama.fail,available,40.98,50.98,medium,low,5,namecheap,,,17/09/2026 16:05
5852086e-1723-4062-b854-94661a620024,unbearable.fail,available,38.99,38.99,medium,low,10,namesilo,,,25/09/2026 10:28
6fbf14e2-0128-4ed9-8e4c-eb2209439126,cowper.fail,available,40.98,50.98,high,low,6,namecheap,,,29/09/2026 11:59
7635ae69-132f-42af-959a-ab835da7690e,askance.fail,available,14.99,46.99,medium,low,7,name.com,,,07/08/2026 02:56
05330ee0-d417-4ee3-9d23-8ed039faf9f5,loveable.fail,available,14.99,46.99,high,low,8,name.com,,,24/08/2026 10:07
5f5a688e-6ac7-4889-82c2-ffe3de973f71,morose.fail,available,14.99,46.99,medium,low,6,name.com,,,20/08/2026 15:01
dd84db24-93f8-4d0e-9884-fae6a59862a7,ecology.fail,available,40.98,50.98,high,low,7,namecheap,,,23/09/2026 18:42
af6e0c7d-adff-4fb8-8527-d16adabe19d1,dependency.fail,available,38.99,38.99,medium,low,10,namesilo,,,17/09/2026 06:56
2e216483-f4f5-4933-bddb-32daef56c4fe,aqueduct.fail,available,38.99,38.99,high,low,8,namesilo,,,19/09/2026 23:10
7e013f26-525f-4009-b0d8-42b85bc44ea6,lesson.fail,available,38.99,38.99,high,low,6,namesilo,,,25/09/2026 21:42
0ac268f9-2794-46fb-8847-3c9b222e117a,selections.fail,available,38.99,38.99,medium,low,10,namesilo,,,20/09/2026 10:53
c0d17db2-bb8b-40d0-a3e7-159a9c90533c,blurry.fail,available,38.99,38.99,medium,low,6,namesilo,,,22/09/2026 23:23
6ef58821-3e65-440e-9f87-3e2afa1ba0ec,fingerprints.fail,available,31.25,31.25,medium,low,12,spaceship,,,28/09/2026 13:26
41f846aa-a1df-4879-8a22-f4f8d0a9cdb9,edison.fail,available,31.25,31.25,high,low,6,spaceship,,,29/09/2026 00:45
53d3051d-43b4-4910-b341-0d6d1718ab03,andalusian.fail,premium,78.54,78.54,high,low,10,namesilo,,,
a2018b06-dd0c-4604-ba73-b0187a19132c,composed.fail,available,40.98,50.98,high,low,8,namecheap,,,23/09/2026 17:50
6a47546a-39f2-46bf-a11d-77f68ab7b677,una.fail,premium,34.36,34.36,high,low,3,spaceship,,,29/09/2026 14:42
6f2e2171-345d-4134-b5df-d8675ac1108f,balata.fail,available,40.98,50.98,medium,low,6,namecheap,,,21/09/2026 21:12
f00f2a3a-ad35-4c52-b0d4-a2995c27a100,dates.fail,available,38.99,38.99,medium,low,5,namesilo,,,18/09/2026 18:40
aafc0d22-d5ce-45b8-b16a-8029167bfefa,primacy.fail,available,31.25,31.25,high,low,7,spaceship,,,01/10/2026 03:21
fcdee92e-fa62-467a-8438-2b37ec2b8d7c,dvds.fail,available,30.2,30.2,medium,low,4,cloudflare,,,29/09/2026 00:04
49562569-51a7-44ea-a962-9ea6ab25e61b,differential.fail,available,40.98,50.98,high,low,12,namecheap,,,29/09/2026 21:05
023643ec-bf67-4576-aa38-8407607e5ad2,drubbing.fail,available,38.99,38.99,medium,low,8,namesilo,,,13/09/2026 07:58
6ff26c27-9ba9-4797-b120-8b8ec2bc6997,erbium.fail,available,40.98,50.98,medium,low,6,namecheap,,,20/09/2026 23:37
40bd6d62-e2d4-441b-aafa-071aef6b46fb,achillea.fail,available,38.99,38.99,medium,low,8,namesilo,,,17/09/2026 00:35
9c70511e-594d-45bd-8967-ca737e521061,gill.fail,available,38.99,38.99,high,low,4,namesilo,,,24/09/2026 08:09
0e1276f7-2f44-4c59-927f-ca32c7b9dbe9,section.fail,available,38.99,38.99,high,low,7,namesilo,,,08/09/2026 06:07
9b49cd28-5fdc-4fcc-91b5-d3b7249c57a5,corroded.fail,available,14.99,46.99,medium,low,8,name.com,,,13/08/2026 02:05
55c84dd3-db60-4188-a616-84d77837b29d,rav.fail,available,40.98,50.98,high,low,3,namecheap,,,30/09/2026 04:18
114aa7ec-c3bf-4270-8733-71eb2006718c,cobalt.fail,available,40.98,50.98,high,low,6,namecheap,,,20/09/2026 22:41
ab07f29b-59fb-4669-9223-43ee3932d952,handful.fail,available,31.25,31.25,high,low,7,spaceship,,,28/09/2026 05:45
c8d2759c-f340-4999-9898-19635fcd8a0d,mira.fail,available,31.25,31.25,high,medium,4,spaceship,,,28/09/2026 16:25
ae8e7231-5a40-4ef4-9d68-b02aac570f5b,enabled.fail,available,31.25,31.25,high,low,7,spaceship,,,30/09/2026 19:35
18451659-2966-4538-897b-61efd2f1d030,clv.fail,available,14.99,46.99,high,low,3,name.com,,,
91a65264-b6a2-4e01-8507-220e9cd2d9b2,abdallah.fail,available,8.24,31.41,medium,low,8,porkbun,,,29/09/2026 21:48
5e0c2e28-a81e-4142-b0e6-aceebe9c433d,prejudice.fail,available,40.98,50.98,high,low,9,namecheap,,,22/09/2026 20:16
35145055-6f06-4682-800b-a9e477ec9ac0,ingersoll.fail,available,31.25,31.25,medium,low,9,spaceship,,,29/09/2026 04:29
5d7baf80-4dd1-41e7-8912-98fbc01d1769,crosstown.fail,available,14.99,46.99,medium,low,9,name.com,,,13/08/2026 08:13
750503c0-1476-44ac-8cbd-d4577d246da1,events.fail,premium,118.8,118.8,high,low,6,namesilo,,,
170280a0-52e4-4c33-aa51-db03873c5a09,bird.fail,available,8.24,32.32,high,medium,4,dynadot,,,29/09/2026 02:46
5d4bbea0-32cc-4fa3-bd16-a96941cc49dd,murcia.fail,available,40.98,50.98,medium,low,6,namecheap,,,30/09/2026 21:06
adb29100-7d4f-4c43-8903-e7e61d8735bb,ubiquitous.fail,available,38.99,38.99,high,low,10,namesilo,,,04/09/2026 13:54
e6f266a2-a242-4818-8ca0-7620cf447f50,greeley.fail,available,38.99,38.99,medium,low,7,namesilo,,,28/09/2026 14:21
7e34a751-6aa3-487a-b13c-4bbba02f94ce,lists.fail,available,38.99,38.99,medium,low,5,namesilo,,,17/09/2026 08:32
f3b04b94-a9e3-4846-924e-38f8bba51e93,realized.fail,available,38.99,38.99,high,low,8,namesilo,,,23/09/2026 17:28
de6e74f9-2abb-45d2-92e9-8fbf26c160e1,uncapped.fail,available,38.99,38.99,medium,low,8,namesilo,,,12/09/2026 04:44
5db78b72-6c1c-44ed-b0e7-dea33e682ec3,ballista.fail,available,38.99,38.99,medium,low,8,namesilo,,,20/09/2026 00:35
387ca815-b072-4ae3-82cc-57bd4f964415,ampulla.fail,available,38.99,38.99,medium,low,7,namesilo,,,18/09/2026 23:51
14f92725-deb8-410d-84f1-f4eef42e6a1f,cyan.fail,available,40.98,50.98,high,low,4,namecheap,,,22/09/2026 22:59
0bb6ee06-ca8c-4cd3-a47d-7a5f4cc1df98,shave.fail,available,38.99,38.99,high,low,5,namesilo,,,08/09/2026 20:41
a70a99ae-26b3-46df-995c-10348c3b3c5b,slender.fail,available,14.99,46.99,high,low,7,name.com,,,24/08/2026 01:14
254716cd-810b-4d5a-ba7c-a6d4bf0f1247,katanga.fail,available,31.25,31.25,medium,low,7,spaceship,,,30/09/2026 21:27
2453717d-24b7-4a13-a82b-ca9d5eba0cf2,unguarded.fail,available,38.99,38.99,medium,low,9,namesilo,,,12/09/2026 11:39
a30e3998-a51a-4225-a8f8-a3ad7cc8824d,berberis.fail,available,38.99,38.99,high,low,8,namesilo,,,23/09/2026 09:08
ade6d1fe-1aa7-4048-bda6-a6867e2c8d89,arbitrarily.fail,available,14.99,,medium,low,11,name.com,,,
3413a8d5-2d93-49ee-9898-6cd2df360fec,steroidal.fail,available,40.98,50.98,medium,low,9,namecheap,,,10/09/2026 20:19
caf49f65-11d4-4f81-a3d8-56b1314ad57a,alfalfa.fail,available,38.99,38.99,high,low,7,namesilo,,,18/09/2026 06:07
7973c712-e1f0-4b46-ba41-66aaf1971ece,won.fail,available,38.94,38.94,high,low,3,namesilo,,,28/09/2026 10:43
874fb713-30f6-4d85-8e2a-2f77821e8cf8,humboldt.fail,available,38.99,38.99,high,low,8,namesilo,,,22/09/2026 07:04
038d950e-7e4f-44ad-b2a4-dd2cc2fc07cd,ohmygosh.fail,available,14.99,,high,low,8,name.com,,,
d9ca830f-9c7b-4bf1-815d-b65d156d6b54,chosen.fail,available,14.99,46.99,high,low,6,name.com,,,16/08/2026 02:32
08d35d4c-6d7b-4659-8a48-1d37814f304b,drifted.fail,available,31.25,31.25,low,low,7,spaceship,,,30/09/2026 07:02
3e68593c-6a06-48b9-8196-5d47a8902fd8,cattleman.fail,available,38.99,38.99,high,low,9,namesilo,,,23/09/2026 00:40
ff5d66ae-79aa-4052-a7a6-54535e530937,anhedonia.fail,available,38.99,38.99,medium,low,9,namesilo,,,19/09/2026 07:46
c15963f6-7ac7-4965-9369-33b7944d891d,pay.fail,premium,118.8,118.8,high,medium,3,namesilo,,,30/09/2026 06:27
c2243c9d-90fb-4686-bf4b-e516d68c1b96,smc.fail,available,8.24,31.41,high,low,3,porkbun,,,30/09/2026 21:13
3cf5a7dd-1f80-4c99-ae33-29d8f240233b,theobald.fail,available,38.99,38.99,medium,low,8,namesilo,,,29/09/2026 15:20
6aeba03a-7a65-4a73-8d0e-4f03abf9b738,bounden.fail,available,14.99,46.99,medium,low,7,name.com,,,10/08/2026 21:56
b3fd60a6-1825-490c-95d2-4459d457559e,blonde.fail,available,38.99,38.99,high,low,6,namesilo,,,22/09/2026 22:17
82f35ef3-bdd2-424a-bb5a-d7f6495c902d,xxxiii.fail,available,14.99,46.99,medium,low,6,name.com,,,
bf530d48-ec44-4679-bbf2-078270ba64d0,fsa.fail,available,30.2,30.2,high,low,3,cloudflare,,,29/09/2026 08:40
b12e97b2-f6a1-4601-9d3f-e957075ecbc9,unbuttoned.fail,available,38.99,38.99,medium,low,10,namesilo,,,12/09/2026 04:42
0c031a87-de41-4b4a-9ea3-730353d3cd49,mcgovern.fail,available,31.25,31.25,medium,low,8,spaceship,,,28/09/2026 08:53
47de25d4-01d5-4eac-a8e8-7730c3ffb22b,ampul.fail,available,40.98,50.98,medium,low,5,namecheap,,,18/09/2026 23:49
9824cd1f-060b-4418-b3e9-86d4c01c71bb,numberless.fail,available,14.99,46.99,high,low,10,name.com,,,13/08/2026 03:42
233f7a2e-1690-4b75-b638-27003a5d0438,relapse.fail,available,31.25,31.25,high,low,7,spaceship,,,27/09/2026 14:29
6ef36384-9353-42c0-8248-eb394306dd06,despised.fail,available,14.99,46.99,medium,low,8,name.com,,,14/08/2026 04:10
7ce78e51-f982-4720-8d8b-34fe8b4cabd1,atrophic.fail,available,14.99,46.99,medium,low,8,name.com,,,07/08/2026 14:52
d0f51f5a-e325-4b1c-b9b4-1e174972fafd,ebooks.fail,available,38.99,38.99,medium,low,6,namesilo,,,18/09/2026 08:29
b11dedf1-db7c-49d5-b32c-eb1466c21f8b,afloat.fail,available,30.2,30.2,high,low,6,cloudflare,,,01/10/2026 01:51
1f7e22a8-5daa-4800-a2fc-afb736a2f094,hee.fail,premium,,,high,low,3,,,,29/09/2026 21:26
7d17e609-a42b-41cf-b88e-5bf12a16ca25,publishing.fail,available,31.25,31.25,high,low,10,spaceship,,,28/09/2026 06:38
0ad8c9c7-a8f7-4475-969a-7572ef68d568,loftily.fail,available,38.99,38.99,medium,low,7,namesilo,,,15/09/2026 12:38
4f7abb21-76ed-42df-bcd6-6b8d5c43552b,wai.fail,available,38.99,38.99,high,low,3,namesilo,,,29/09/2026 02:52
134fe063-b3b2-43e0-9c6a-4dcbdec20bfe,testicle.fail,available,40.98,50.98,medium,low,8,namecheap,,,21/09/2026 22:59
42c16da1-76b8-477d-b3fa-26c76182e083,laughed.fail,available,38.99,38.99,medium,low,7,namesilo,,,28/09/2026 12:59
36c7b860-f448-4e8b-829b-1822291909ed,disagreement.fail,available,31.25,31.25,medium,low,12,spaceship,,,29/09/2026 10:22
af340461-bfa6-42ad-ba7d-324b9ee0a2a4,licenced.fail,available,14.99,46.99,high,low,8,name.com,,,21/09/2026 15:56
af6b7837-d736-4eb2-adef-01d8a4516b5c,naomi.fail,available,38.99,38.99,medium,low,5,namesilo,,,28/09/2026 14:57
98bb99cf-2378-46f5-92c1-a11586861a30,untested.fail,available,40.98,50.98,medium,low,8,namecheap,,,12/09/2026 21:13
0d4f6096-b257-45f5-ad04-597ec02aae7e,oysters.fail,available,40.98,50.98,medium,low,7,namecheap,,,20/09/2026 03:31
bb0e19ff-5d6f-4e1a-ad56-779fdb963a61,thing.fail,available,31.25,31.25,high,low,5,spaceship,,,28/09/2026 19:13
eefb8450-4746-45f2-977c-e4ffa255201f,unbiased.fail,available,38.99,38.99,high,low,8,namesilo,,,12/09/2026 01:52
6f507281-3baa-4393-9744-4fd661e861af,arco.fail,available,14.99,46.99,medium,low,4,name.com,,,06/08/2026 16:02
d2acf547-c8d5-4fe0-b446-3419ff714977,slurred.fail,available,38.99,38.99,medium,low,7,namesilo,,,10/09/2026 11:42
42f62bf2-d517-496b-b62f-db1d67c9a4f5,endowment.fail,available,8.24,31.41,high,low,9,porkbun,,,29/09/2026 18:11
c4720c38-4013-435c-91da-cc20b46bf9fe,ballerina.fail,available,38.99,38.99,high,low,9,namesilo,,,21/09/2026 22:49
9e6af570-3897-4fea-9024-5b5ad1392f41,colly.fail,available,14.99,46.99,medium,low,5,name.com,,,14/08/2026 09:17
a0bde6c3-dfd7-4a75-9583-901ed50f55ec,labeled.fail,available,14.99,46.99,high,low,7,name.com,,,22/08/2026 17:13
35078b34-c5d6-47c3-b16f-785c8e799d18,selected.fail,available,40.98,50.98,high,low,8,namecheap,,,27/09/2026 19:50
3c67a502-f938-4d4d-9887-c9945da9a86a,yamani.fail,available,40.98,50.98,medium,low,6,namecheap,,,17/09/2026 20:29
7b127742-000f-4268-9218-e23edb5d64e6,jung.fail,available,38.99,38.99,high,low,4,namesilo,,,25/09/2026 03:59
4e54d168-f6cc-45e1-9e06-3063ca716b45,argal.fail,available,38.99,38.99,medium,low,5,namesilo,,,20/09/2026 04:10
78cd0bfa-ee82-4159-a6b0-8e6670380cf1,ves.fail,available,30.2,30.2,high,low,3,cloudflare,,,30/09/2026 04:22
25444da7-2ace-400d-b791-47128266fc61,anthesis.fail,available,14.99,46.99,high,low,8,name.com,,,18/08/2026 09:06
1b1dded6-19bd-4633-8e46-6d38524173a9,massages.fail,available,38.99,38.99,medium,low,8,namesilo,,,20/09/2026 09:22
d515364b-e0ad-4d14-9b81-983248f24fe8,quietly.fail,available,40.98,50.98,high,low,7,namecheap,,,09/09/2026 08:49
5fd70b0f-904f-4eec-9406-502b6c9fd1b4,jiang.fail,available,38.99,38.99,high,low,5,namesilo,,,27/09/2026 08:14
2b06cc5a-a607-4cfb-a187-9f667d536d46,inseparable.fail,available,38.99,38.99,high,low,11,namesilo,,,01/10/2026 04:48
4abfc197-cd94-4fec-9d1f-85f16cd8fb59,tormented.fail,available,14.99,46.99,medium,low,9,name.com,,,
3b0f6863-e809-43ac-b161-0fbb430836a7,dolce.fail,available,38.99,38.99,high,low,5,namesilo,,,14/09/2026 13:39
bbccb22a-c1fe-4131-a5bf-2b5d0b03117e,crease.fail,available,14.99,46.99,high,low,6,name.com,,,13/08/2026 07:14
46e060bb-e877-4fa0-8b96-e0b32974095b,austerity.fail,available,38.99,38.99,medium,low,9,namesilo,,,21/09/2026 04:40
1ba39f32-9cc2-4d87-b358-69b8d004f4b3,panipat.fail,available,38.99,38.99,medium,low,7,namesilo,,,22/09/2026 15:36
68c090ba-ba47-488b-8f63-6291ce019daa,slum.fail,available,40.98,50.98,high,low,4,namecheap,,,30/09/2026 02:54
5b46301c-86a0-42e5-8563-c82f0975af75,atomistic.fail,available,14.99,46.99,low,low,9,name.com,,,07/08/2026 13:42
8fc7f497-60c0-4d4e-9b7d-04df05973609,thirteen.fail,available,38.99,38.99,high,low,8,namesilo,,,21/09/2026 11:32
c8fbb56f-8310-4af3-bbfe-7d0a5e3d8afd,nigh.fail,available,14.99,46.99,medium,low,4,name.com,,,12/08/2026 12:04
99ea73e7-eded-46eb-9555-5655f0f79794,hebraic.fail,available,14.99,46.99,medium,low,7,name.com,,,21/08/2026 05:40
027b14b0-eb7c-4760-b57f-390e6b3b6435,haply.fail,available,38.99,38.99,medium,low,5,namesilo,,,14/09/2026 04:36
9214cc79-450e-41f5-a666-32d292cd71bf,sunstone.fail,available,40.98,50.98,high,low,8,namecheap,,,21/09/2026 09:07
95fbd4b3-b56c-4274-9f8f-349444935f56,traders.fail,available,14.99,,high,low,7,name.com,,,
cc074866-35d9-421e-9012-bfab7c2986f9,unfirm.fail,available,38.99,38.99,low,low,6,namesilo,,,12/09/2026 10:19
4fa94081-ffc1-4b5f-9cdd-0d7229a5d088,timing.fail,available,38.99,38.99,high,low,6,namesilo,,,27/09/2026 05:40
9f96ecf0-fd07-4ca5-96ae-5228f5c3406b,xli.fail,available,14.99,46.99,medium,low,3,name.com,,,
7f21aa70-7e25-4b38-8aba-bc0a74e9cf18,freestyle.fail,available,31.25,31.25,high,low,9,spaceship,,,30/09/2026 17:23
74da574a-cc9f-4442-94fc-664a79ba9bac,ratios.fail,available,40.98,50.98,medium,low,6,namecheap,,,20/09/2026 23:23
a35a6f6b-f4c7-4de8-b53e-c197a40ef099,centuries.fail,available,40.98,50.98,medium,low,9,namecheap,,,17/09/2026 04:43
8f7ca552-1dd5-4b78-b986-88a7c5531029,begotten.fail,available,14.99,46.99,medium,low,8,name.com,,,09/08/2026 09:11
c3a912f8-71cf-49af-be3b-d4cf30c6dd23,dilemma.fail,available,38.99,38.99,high,low,7,namesilo,,,29/09/2026 14:57
6b498dbd-5392-4edf-a4fb-398fa00d13b7,guest.fail,available,38.99,38.99,high,low,5,namesilo,,,29/09/2026 17:42
c078e807-6a5a-46d2-a7a8-e1af9c0f8e0a,threescore.fail,available,14.99,46.99,high,low,10,name.com,,,
afdd46b7-ed4b-49b4-a472-8a99d78b5689,northman.fail,available,14.99,46.99,medium,low,8,name.com,,,03/09/2026 21:21
b29098b4-800f-40e5-a517-1057e3a0033e,dragonfly.fail,available,59.99,59.99,high,low,9,godaddy,,,30/09/2026 01:23
467b31d1-0175-4995-a6a5-88de6be89adb,blended.fail,available,14.99,46.99,high,low,7,name.com,,,10/08/2026 14:14
59e21d95-0a0e-4789-b1ec-c1b39e084c73,scranton.fail,available,38.99,38.99,medium,low,8,namesilo,,,26/09/2026 00:14
a03c7fba-d3fe-4220-8445-a6c074118561,urals.fail,available,31.25,31.25,medium,low,5,spaceship,,,30/09/2026 19:04
e0922f91-55c6-499e-8102-8536bff766bb,adventure.fail,available,8.24,31.41,high,medium,9,porkbun,,,28/09/2026 18:58
f39917b8-c376-4976-a3a8-c0ffe30280cc,ternion.fail,available,14.99,46.99,medium,low,7,name.com,,,
6ff273f3-bf5a-4c3a-9c98-bc0702918311,potts.fail,available,31.25,31.25,medium,low,5,spaceship,,,28/09/2026 04:13
463c65ce-776c-45ae-94f4-6f3784a81efc,maunder.fail,available,38.99,38.99,medium,low,7,namesilo,,,23/09/2026 23:31
ac7141f6-59c5-400d-bb81-3f58736ed685,grandmother.fail,available,40.98,50.98,high,low,11,namecheap,,,30/09/2026 22:07
f4395b2b-d660-45c7-8ba1-0775f2f53055,stickup.fail,available,38.99,38.99,medium,low,7,namesilo,,,20/09/2026 06:38
785d3e85-fc00-467d-9007-0a076e6853a2,fixtures.fail,available,38.99,38.99,medium,low,8,namesilo,,,30/09/2026 00:04
3451c736-d745-44c8-8713-27aaf51ad2ff,stalk.fail,available,40.98,50.98,high,low,5,namecheap,,,19/09/2026 07:14
402f4f94-9cc7-46ca-982a-c766f80dbb65,maria.fail,available,38.99,38.99,high,low,5,namesilo,,,24/09/2026 11:49
3c140f49-c7f1-495c-a9bd-f4d044a25412,referee.fail,available,31.25,31.25,high,low,7,spaceship,,,28/09/2026 10:49
441ffdc3-1398-4c5b-ab12-e42451193c6f,nightmares.fail,available,38.99,38.99,low,low,10,namesilo,,,29/09/2026 00:01
d8df9e95-b37d-4e74-a47c-f650910427ec,hired.fail,available,14.99,46.99,high,low,5,name.com,,,12/08/2026 02:48
831c7422-a389-4d96-a29d-87d1e176fb4b,reposeful.fail,available,14.99,46.99,medium,low,9,name.com,,,09/09/2026 13:28
6fbe77ee-ac88-4cf6-9e0d-16879c2ca42e,comply.fail,available,38.99,38.99,high,low,6,namesilo,,,29/09/2026 08:21
f9120ecb-3f44-4383-ba08-8af1feff2a1d,residuum.fail,available,38.99,38.99,medium,low,8,namesilo,,,09/09/2026 15:07
f05d7d49-4c03-46a9-88e9-fdf17c8bfd94,innovate.fail,available,8.24,32.32,high,low,8,dynadot,,,29/09/2026 02:37
2e60bcf7-4c2b-417b-bf17-b834b0173711,rossetti.fail,available,8.24,31.41,medium,low,8,porkbun,,,30/09/2026 01:13
fcdf3dba-5e64-4717-817d-e1ad95828128,johansson.fail,available,31.25,31.25,medium,low,9,spaceship,,,29/09/2026 03:51
34ac2dcf-b088-4afb-af8c-4d07689ab6a9,striker.fail,available,8.24,32.32,high,low,7,dynadot,,,29/09/2026 08:09
f9e59989-4063-435e-a092-6d93f5eb7de6,jog.fail,premium,85.8,85.8,high,low,3,namecheap,,,30/09/2026 17:44
6383a76b-c53b-4693-b436-273df811a785,shallot.fail,available,38.99,38.99,medium,low,7,namesilo,,,18/09/2026 11:16
da5ca2d7-0f6f-44dd-ac15-c09a7b692040,pencil.fail,available,30.2,30.2,high,low,6,cloudflare,,,30/09/2026 06:34
c0210781-f7f8-454d-9be5-4223d326b682,zama.fail,available,38.99,38.99,medium,low,4,namesilo,,,22/09/2026 16:21
36142468-46c2-4ac0-9b25-ce42e859a241,genoese.fail,available,14.99,46.99,high,low,7,name.com,,,18/08/2026 21:48
2a43b26c-def4-42b7-baaa-67bb3f82d2f1,adaptor.fail,available,38.99,38.99,high,low,7,namesilo,,,17/09/2026 06:32
cba83024-490d-44c9-9d24-06114fcd7ecb,quadrant.fail,available,8.24,32.32,high,low,8,dynadot,,,29/09/2026 20:05
c46a4d5d-ff35-4384-b1ba-aca1e31a16a1,overheard.fail,available,31.25,31.25,medium,low,9,spaceship,,,29/09/2026 22:55
ec85d6fb-5f6c-4d5d-b8ef-a4e14879d25e,hana.fail,available,40.98,50.98,high,low,4,namecheap,,,29/09/2026 22:11
30af5924-ecdc-4935-9501-2895167988d0,kilobyte.fail,available,59.99,59.99,high,low,8,godaddy,,,30/09/2026 01:18
75919578-1eb6-4ebd-bd38-dda0f7d3b238,neutralize.fail,available,30.2,30.2,high,low,10,cloudflare,,,01/10/2026 04:11
104ab754-f63b-46c5-ba6b-1dfcbb33bfcd,legalise.fail,available,14.99,46.99,high,low,8,name.com,,,22/08/2026 23:07
987df1c3-178c-48e6-90a8-cb1ac251cbf8,suggestive.fail,available,14.99,46.99,medium,low,10,name.com,,,21/08/2026 22:34
fe377437-c454-4c8d-ba56-520e0013a260,sleeved.fail,available,14.99,46.99,medium,low,7,name.com,,,10/09/2026 10:43
be310d41-a4ea-46cf-8aad-135c4dd805d8,blattodea.fail,available,38.99,38.99,medium,low,9,namesilo,,,24/09/2026 04:54
2c9a95d1-419e-4459-88a1-9d029a742fba,yowl.fail,available,38.99,38.99,medium,low,4,namesilo,,,23/09/2026 06:24
4a6fbbd2-94ae-48c4-91e6-8bf1a4529bc3,ascoma.fail,available,38.99,38.99,medium,low,6,namesilo,,,20/09/2026 13:22
6340d908-f23c-4ea6-afa8-3acc478b1a41,arbitrary.fail,available,14.99,46.99,high,low,9,name.com,,,06/08/2026 12:54
000918fb-ed73-4a94-b847-f3a277ce1875,luck.fail,available,40.98,50.98,high,low,4,namecheap,,,29/09/2026 09:20
d532df46-dd81-4c02-aee4-ad2dc132b568,dozen.fail,available,38.99,38.99,high,low,5,namesilo,,,21/09/2026 11:29
ce6e8ea4-15ef-4356-a5e1-873b61a8351f,braddock.fail,available,38.99,38.99,medium,low,8,namesilo,,,29/09/2026 15:49
cdbfe293-9c00-449d-84fb-7dd23781c720,cherish.fail,available,38.99,38.99,high,low,7,namesilo,,,29/09/2026 08:23
05cc21e7-ab72-4f3b-a43a-c65e7d0a314b,receptor.fail,available,31.25,31.25,high,low,8,spaceship,,,30/09/2026 18:26
a84a68d4-13dc-4ad6-9727-8a7eaf52a385,beadwork.fail,available,40.98,50.98,high,low,8,namecheap,,,22/09/2026 19:29
c6d178d6-1e36-4456-bf6c-1a153779e159,greek.fail,premium,78.54,78.54,high,low,5,namesilo,,,08/09/2026 07:29
517a2020-3898-4a28-8048-03b742ec58c6,melancholy.fail,available,40.98,50.98,high,low,10,namecheap,,,25/09/2026 19:05
f72e1265-eb8e-4b02-954d-5f30c1a85957,inappropriate.fail,available,31.25,31.25,medium,low,13,spaceship,,,27/09/2026 16:59
e4e90210-37f6-4188-99b5-9437dfa859f7,domestic.fail,available,40.98,50.98,high,low,8,namecheap,,,19/09/2026 12:54
2ced8c41-7470-4ff0-8f02-7762b8059112,gain.fail,available,38.99,38.99,high,low,4,namesilo,,,23/09/2026 07:57
8a6b56ec-a890-4f8f-82ec-7a5317f4c8e4,subocean.fail,available,38.99,38.99,low,low,8,namesilo,,,11/09/2026 00:32
3680c562-1fdf-40b2-8558-a2710aaf6ca1,often.fail,premium,54.36,108.6,high,low,5,porkbun,,,28/09/2026 14:58
361825ef-cb8d-4cfb-ae28-c9355701bab5,bonding.fail,available,31.25,31.25,high,low,7,spaceship,,,28/09/2026 09:11
5ad5d1b5-9476-4988-93d1-9fa4706ec2a8,sir.fail,premium,85.8,85.8,high,low,3,namecheap,,,26/09/2026 00:18
5be394a2-bbb6-46f0-9522-8770e7cb5e9b,apologize.fail,available,38.99,38.99,high,low,9,namesilo,,,30/09/2026 15:06
8f33f16d-5ecf-4bf6-a8a8-9a559daeae12,uml.fail,available,14.99,,high,low,3,name.com,,,
c22f469f-dd82-41b1-b1e3-24200ff7b18f,buttonwood.fail,available,40.98,50.98,medium,low,10,namecheap,,,18/09/2026 20:34
94668c09-7fef-4fa4-b751-3f255a8a3fd4,neotenic.fail,available,38.99,38.99,medium,low,8,namesilo,,,03/09/2026 15:31
931a52c6-26ff-4a00-b0ea-c87a0d396d67,investors.fail,available,14.99,46.99,high,low,9,name.com,,,
2846cd76-9bbe-4e72-adff-d8b17b1d50fd,brookings.fail,available,31.25,31.25,medium,low,9,spaceship,,,28/09/2026 16:41
4c022bf6-c188-4ea6-a917-8f8156b5d648,accidental.fail,available,14.99,46.99,high,low,10,name.com,,,
c1a3d078-376a-417a-ba97-a2c2464526ca,plait.fail,available,14.99,46.99,high,low,5,name.com,,,24/09/2026 07:55
30eb7998-c2b7-46d6-bb57-43e3b238e710,gillett.fail,available,40.98,50.98,medium,low,7,namecheap,,,30/09/2026 13:39
049864a2-6a8e-4689-88d6-6731e3c199a8,diamond.fail,available,38.99,38.99,high,low,7,namesilo,,,21/09/2026 16:47
0a710c91-5531-46df-92c9-a2e3b159a944,bata.fail,available,38.99,38.99,medium,low,4,namesilo,,,22/09/2026 13:09
d9f13804-59c8-4c4e-bd17-503a88df833a,unflagging.fail,available,14.99,46.99,high,low,10,name.com,,,22/08/2026 02:31
589c2c04-0001-45de-92e1-1383bcfd3b2c,baptists.fail,available,38.99,38.99,high,low,8,namesilo,,,22/09/2026 03:33
93165091-d109-4b1e-b258-3e59472e8088,treaty.fail,available,40.98,50.98,high,low,6,namecheap,,,28/09/2026 10:39
aff29f3a-0e70-4a0d-adf0-6143ee41d047,moderne.fail,available,14.99,46.99,medium,low,7,name.com,,,25/08/2026 03:00
9f28a8a4-78c1-4fc3-96d5-6b4b51bf8949,toxicity.fail,available,8.24,31.41,high,low,8,porkbun,,,30/09/2026 18:20
06f741a3-f044-4811-8718-d88f3a291d8b,emil.fail,available,38.99,38.99,high,low,4,namesilo,,,25/09/2026 15:33
df4b7c3d-2a8f-4368-970d-1d6451b1f8e3,nantes.fail,available,40.98,50.98,medium,low,6,namecheap,,,28/09/2026 10:30
dbb2f84c-a7c7-4360-b5be-e848fa2309bc,bleeding.fail,available,38.99,38.99,high,low,8,namesilo,,,24/09/2026 05:28
c78ebe69-322d-485e-9047-59a5a6e72105,vanilla.fail,available,38.99,38.99,high,low,7,namesilo,,,13/09/2026 01:08
9778113d-b894-4737-9e1b-9f342db0c760,submitted.fail,available,38.99,38.99,medium,low,9,namesilo,,,29/09/2026 10:53
590dbfeb-d689-4461-9cfe-6b759219a905,aidan.fail,available,38.99,38.99,high,low,5,namesilo,,,29/09/2026 15:22
23bc8f69-a8e2-4fdb-bbc3-3f85d25caa86,tautog.fail,available,38.99,38.99,medium,low,6,namesilo,,,24/09/2026 02:17
275e93c8-3ecc-4f10-88a3-75b8f24205d1,caper.fail,available,38.99,38.99,high,low,5,namesilo,,,22/09/2026 06:32
8a82487a-2a6a-4886-8b7e-c76641104390,valentine.fail,available,38.99,38.99,high,low,9,namesilo,,,26/09/2026 00:29
7e815d0e-b49c-44d0-8c54-b59b7fe51ddc,smokeless.fail,available,38.99,38.99,high,low,9,namesilo,,,10/09/2026 11:57
331b22ac-3413-4b45-8de5-3893c32fce66,heartthrob.fail,available,31.25,31.25,high,low,10,spaceship,,,29/09/2026 22:26
612a9d2f-4515-4db7-a7e3-c642185e5a7d,nicosia.fail,available,40.98,50.98,medium,low,7,namecheap,,,30/09/2026 08:57
7562d4cc-82d7-405a-9c77-c5fb2fa72bcc,rif.fail,available,8.24,32.32,high,low,3,dynadot,,,30/09/2026 19:40
7cccbc24-d5b0-42b3-b67a-a01c04d70288,hume.fail,available,38.99,38.99,high,low,4,namesilo,,,25/09/2026 04:46
6563fd9d-e535-4956-b3fe-6910f081cef6,averroes.fail,available,40.98,50.98,high,low,8,namecheap,,,16/09/2026 18:56
b7a75c08-bfc0-487c-85cb-abd424abb1a8,lanky.fail,available,14.99,46.99,medium,low,5,name.com,,,18/08/2026 20:11
a6f750c3-b322-4e8c-b6a3-9631e8b02d90,awards.fail,available,40.98,50.98,medium,low,6,namecheap,,,28/09/2026 08:41
dd0727ab-f0bf-4032-909d-5307e3d28629,nitid.fail,available,14.99,46.99,medium,low,5,name.com,,,
91b2f2c4-bef8-4520-a2a7-6d0c2c67a5fb,mathematics.fail,available,40.98,50.98,high,low,11,namecheap,,,30/09/2026 13:34
8ae18f7c-0e6e-4364-a15e-c0574b21f1a2,thesis.fail,available,38.99,38.99,high,low,6,namesilo,,,24/09/2026 23:05
5af2e20e-c66d-4e7c-98c2-2ce427df079f,girlfriend.fail,premium,118.8,118.8,high,low,10,namesilo,,,25/09/2026 23:00
714f02d6-c4aa-49cb-9ae8-8b854952de25,fumbling.fail,available,14.99,46.99,medium,low,8,name.com,,,11/08/2026 10:05
77435f49-2d2c-4120-9782-21106de3e458,comrade.fail,available,40.98,50.98,high,low,7,namecheap,,,28/09/2026 13:44
ce2c429a-9966-46d6-af65-5a513edea583,tacky.fail,available,14.99,46.99,medium,low,5,name.com,,,18/08/2026 06:41
213a0d0e-ff00-4a40-aa4f-72e113d277d7,touchstone.fail,available,38.99,38.99,high,low,10,namesilo,,,10/09/2026 18:36
9757161b-d2ba-42b4-9f93-628b6a874a49,floating.fail,available,14.99,46.99,high,low,8,name.com,,,14/08/2026 19:14
c79d6663-ff1b-43dc-a905-c6271f60381e,pricing.fail,available,40.98,50.98,high,low,7,namecheap,,,30/09/2026 07:19
811272aa-dfb9-4d3a-b0d7-3c1640845d9b,researcher.fail,available,38.99,38.99,high,low,10,namesilo,,,28/09/2026 02:34
111b3331-7b97-43da-b700-8932ed212875,flagship.fail,available,8.24,31.41,high,low,8,porkbun,,,30/09/2026 17:19
f8fe7268-a92e-4763-aa11-978d09cc181d,carlo.fail,available,8.24,32.32,medium,low,5,dynadot,,,28/09/2026 08:41
97b8b443-0d0b-4731-92c2-d6e8e9c9c8ae,psycho.fail,available,38.99,38.99,high,low,6,namesilo,,,27/09/2026 07:59
b9318e6e-00f6-4b6e-80ad-fffe40ee16c1,dancers.fail,available,38.99,38.99,high,low,7,namesilo,,,20/09/2026 05:50
4e963231-98fd-46f1-a3fa-07c67da5bb4d,agreeably.fail,available,40.98,50.98,medium,low,9,namecheap,,,13/09/2026 18:22
59d20fcb-8132-42aa-9150-fc7939f6c287,pigfish.fail,available,38.99,38.99,medium,low,7,namesilo,,,17/09/2026 00:46
6db2441a-a18c-463f-9b82-cdbbd19eb81c,laurent.fail,available,38.99,38.99,medium,low,7,namesilo,,,27/09/2026 09:55
b0baac68-98b5-463a-b959-05e309d7d08c,chaplain.fail,available,31.25,31.25,high,low,8,spaceship,,,30/09/2026 09:06
82115ca0-8782-4761-84a9-56f115c9f9aa,kraft.fail,available,40.98,50.98,high,low,5,namecheap,,,01/10/2026 02:49
fdcf47ca-bc3d-4e11-bb6d-fa00bd910d4b,rashid.fail,available,40.98,50.98,medium,low,6,namecheap,,,28/09/2026 16:48
1a62d1fc-1d6f-4aad-a5b7-1b87624cdeb3,producers.fail,available,38.99,38.99,medium,low,9,namesilo,,,28/09/2026 23:09
21e417e8-b8a9-461a-b0ea-0e9c8442ad3e,wilbur.fail,available,38.99,38.99,high,low,6,namesilo,,,27/09/2026 07:43
9f0ad3c4-2927-42b9-a250-5980dc9efc35,caloric.fail,available,14.99,46.99,medium,low,7,name.com,,,11/08/2026 15:07
1d9f7064-7476-4b65-b499-0a337997c0d5,bja.fail,available,38.99,38.99,medium,low,3,namesilo,,,23/09/2026 23:24
20f0f777-397f-48bd-ac27-32e19720ac20,amazons.fail,available,38.99,38.99,medium,low,7,namesilo,,,21/09/2026 05:29
9713b93b-e4ca-4d34-bf4b-9297617a9cb1,republican.fail,premium,78.54,78.54,high,low,10,namesilo,,,09/09/2026 14:43
e8cae982-8a58-44ad-be4f-f14444a56229,clears.fail,available,40.98,50.98,high,low,6,namecheap,,,29/09/2026 17:52
0477bafa-11f8-4a57-b8e3-fe651802b72c,towards.fail,available,14.99,,high,low,7,name.com,,,
37687b73-e9c9-4613-a76e-7669a0500742,pontiff.fail,available,38.99,38.99,medium,low,7,namesilo,,,23/09/2026 21:52
bc0d4626-1ff8-4588-ae53-4067aeb2b089,masonic.fail,available,14.99,46.99,high,low,7,name.com,,,24/08/2026 16:39
31fc7229-7a2d-48fe-8621-58a4d8fc4b89,hicks.fail,available,31.25,31.25,medium,low,5,spaceship,,,28/09/2026 12:48
1610f48a-b0f7-4a32-880e-db6d3e3360ba,paparazzi.fail,available,40.98,50.98,high,low,9,namecheap,,,16/09/2026 14:02
f20a3aa1-c1aa-44d3-87e2-b14f82def7c9,popcorn.fail,available,8.24,32.32,high,medium,7,dynadot,,,28/09/2026 20:12
f868cc25-9bd9-4da6-8daf-a11ad2c26231,apsis.fail,available,38.99,38.99,medium,low,5,namesilo,,,19/09/2026 22:40
84650042-37e5-447f-9262-262b38298563,curtain.fail,available,40.98,50.98,high,low,7,namecheap,,,29/09/2026 13:08
8c53f320-7690-4111-ad6d-150c2f6eaa8d,amur.fail,available,38.99,38.99,high,low,4,namesilo,,,19/09/2026 00:13
10a86bfc-ba57-4525-bb12-ae35a940d1d2,unabashed.fail,available,38.99,38.99,high,low,9,namesilo,,,11/09/2026 23:19
5793fe99-5109-4145-81ef-ea880c9ccf15,homespun.fail,available,14.99,46.99,high,low,8,name.com,,,13/08/2026 04:23
1fa6efb1-f81d-409a-ad04-f993203f6c2f,sugared.fail,available,38.99,38.99,medium,low,7,namesilo,,,11/09/2026 01:16
5c13775f-93b9-4a4f-9d4f-c4e978ac8a8e,fordable.fail,available,14.99,46.99,medium,low,8,name.com,,,18/08/2026 11:24
d423663f-3d05-4cff-a12c-7cb76bf3f9ec,inhabitants.fail,available,38.99,38.99,medium,low,11,namesilo,,,29/09/2026 23:30
90d8825f-6400-45eb-81aa-796837ab91e5,dissemble.fail,available,38.99,38.99,high,low,9,namesilo,,,09/09/2026 01:49
e0329c79-2a8d-40b9-bc3d-7e4923f60f58,confirmed.fail,available,40.98,50.98,high,low,9,namecheap,,,23/09/2026 19:53
05ec91d1-8eb8-443a-8bd0-fc89c1638a00,parchment.fail,available,30.2,30.2,medium,low,9,cloudflare,,,30/09/2026 18:17
8dc46237-a6df-4c77-b619-5d7f66f503a7,exploiting.fail,available,31.25,31.25,medium,low,10,spaceship,,,30/09/2026 15:07
a0f868bd-6a32-4f84-896d-7f971f83255c,unipolar.fail,available,38.99,38.99,medium,low,8,namesilo,,,12/09/2026 13:46
4a4a14c6-aa84-45e4-b99a-cc97eec52b20,moulds.fail,available,38.99,38.99,medium,low,6,namesilo,,,20/09/2026 13:57
f1cff487-0cd6-4eba-9699-42683ec5a153,shares.fail,available,14.99,,high,low,6,name.com,,,
a60285e8-5be6-40ff-a8f2-04dbdb5e16b2,baillie.fail,available,8.24,32.32,medium,low,7,dynadot,,,30/09/2026 20:10
fb184a9a-7a79-4de8-9fa7-0b2abef05ddc,lewd.fail,available,14.99,46.99,high,low,4,name.com,,,22/08/2026 20:07
bef8ed72-d66a-49e8-89b1-7a8e8b2dcc2a,humanly.fail,available,38.99,38.99,high,low,7,namesilo,,,15/09/2026 01:20
527f86cb-f464-4fa7-be00-9943ed68565f,anouilh.fail,available,38.99,38.99,medium,low,7,namesilo,,,19/09/2026 11:52
d573a054-f2ed-4a45-93b9-093117041b12,tog.fail,available,40.98,50.98,high,low,3,namecheap,,,19/09/2026 20:00
cb9437b0-a0bd-41ac-aa18-86a9291812ce,unification.fail,available,30.2,30.2,high,low,11,cloudflare,,,30/09/2026 00:02
f4da4621-0149-484e-991c-399aaa1d0b97,felony.fail,available,8.24,32.32,medium,low,6,dynadot,,,28/09/2026 09:45
502c535a-839f-446b-bb56-b7ac3ce3335b,alluvial.fail,available,14.99,46.99,high,low,8,name.com,,,
01597487-6311-4fff-8fbc-c7cee5edc5e0,sid.fail,available,40.98,50.98,high,low,3,namecheap,,,25/09/2026 12:52
2ffb8599-753f-45ac-a34f-ac59ccccfce8,baku.fail,available,40.98,50.98,high,low,4,namecheap,,,21/09/2026 20:24
780485e7-61fa-4c48-8090-11bcc9a78ee5,mellon.fail,available,38.99,38.99,high,low,6,namesilo,,,19/09/2026 04:48
add2ba66-2532-4fe8-a0d4-5ee0b3c035e2,reggio.fail,available,38.99,38.99,medium,low,6,namesilo,,,30/09/2026 12:52
95efff08-1ba7-47a1-a198-9bc3e20018c8,plead.fail,available,30.2,30.2,high,low,5,cloudflare,,,28/09/2026 15:36
657282b7-3dab-407f-b004-b3ad06ed28d4,flack.fail,available,14.99,46.99,high,low,5,name.com,,,
ff1706a9-2c1d-4dec-9aa2-a68250e6d9a8,sympathy.fail,available,31.25,31.25,high,low,8,spaceship,,,29/09/2026 19:11
a2c1483a-2f97-4457-8afb-2f739100607b,survivors.fail,available,40.98,50.98,medium,low,9,namecheap,,,28/09/2026 05:06
aa04e57e-b0be-4049-a0ba-6bcaf62bba76,nottingham.fail,premium,44.99,41.25,high,low,10,name.com,,,26/09/2026 00:49
1472cd27-0e68-49c9-88f4-1d777a538d01,valuator.fail,available,38.99,38.99,medium,low,8,namesilo,,,19/09/2026 22:13
6bc20b24-2fc3-4d8b-8e79-4df1b52a5d99,foul.fail,available,14.99,46.99,high,low,4,name.com,,,
64b902f3-659c-4162-b02a-04b524bae1ab,impulses.fail,available,38.99,38.99,medium,low,8,namesilo,,,30/09/2026 14:13
a268c611-a1b8-47f5-a50f-9ee4707f1558,latent.fail,available,14.99,46.99,high,low,6,name.com,,,22/08/2026 20:30
50a322eb-ec0b-4932-95a5-f328e91509d7,description.fail,available,14.99,,high,low,11,name.com,,,
cc687aa9-5cc5-4051-bfa2-f7e68d94feb3,astounding.fail,available,38.99,38.99,high,low,10,namesilo,,,22/09/2026 10:29
a6bf6200-f21b-4676-a2d2-9301d48e3214,scored.fail,available,38.99,38.99,high,low,6,namesilo,,,27/09/2026 23:20
8a586016-c365-45ae-8880-267230fef7d3,above.fail,available,38.99,38.99,high,low,5,namesilo,,,21/09/2026 14:29
f6a723e3-9e27-4bca-8ef9-5a158479d313,margosa.fail,available,38.99,38.99,medium,low,7,namesilo,,,20/09/2026 05:43
e90f0fd2-1756-47c0-bf38-ecd37e80099f,bezant.fail,available,40.98,50.98,medium,low,6,namecheap,,,23/09/2026 12:11
24378f0b-b120-49e0-928a-07f599bfe5eb,drc.fail,available,30.2,30.2,high,low,3,cloudflare,,,30/09/2026 04:41
3e264d91-240f-45ac-b265-2dc928660a3b,nationalist.fail,available,31.25,31.25,medium,low,11,spaceship,,,30/09/2026 19:40
a97b5204-db38-47ec-8d79-9fa8f2d45df6,production.fail,available,40.98,50.98,high,low,10,namecheap,,,19/09/2026 18:56
920740ce-9b8a-4041-8c71-464a0761637e,banking.fail,available,38.99,38.99,high,low,7,namesilo,,,29/09/2026 01:02
b35ce1de-5551-4da0-ac29-f4044a6c9cde,dino.fail,available,31.25,31.25,high,low,4,spaceship,,,28/09/2026 20:55
6125aa26-03ae-4e13-8763-3b122b1ce51a,assignable.fail,available,14.99,46.99,medium,low,10,name.com,,,07/08/2026 06:19
82f27fbc-557e-4794-86ab-2df24b07e395,piercing.fail,available,14.99,46.99,high,low,8,name.com,,,22/08/2026 01:25
35bc3b54-186b-4752-8a16-d5597c67c5ea,steinbeck.fail,available,38.99,38.99,high,low,9,namesilo,,,01/10/2026 02:45
475f11e5-4599-4a72-81df-b0769c34ef9e,kelvin.fail,available,14.99,46.99,high,low,6,name.com,,,22/08/2026 15:02
c252f4b3-c8fb-4961-8fae-778e0614b567,discordant.fail,available,14.99,46.99,medium,low,10,name.com,,,14/08/2026 10:00
e5139d55-6089-4607-a682-4a7b255f44a2,karate.fail,premium,85.8,85.8,high,low,6,namecheap,,,28/09/2026 19:36
5e328bc6-c577-4716-acbe-93c25ff56758,rules.fail,available,14.99,,high,low,5,name.com,,,
65f565df-1883-4473-bd09-7c0b0df80ed5,vagile.fail,available,38.99,38.99,low,low,6,namesilo,,,13/09/2026 00:47
6fbcf98b-aa20-458f-87a6-4fa4ce2d6cf7,revoked.fail,available,31.25,31.25,medium,low,7,spaceship,,,30/09/2026 00:45
79288490-396f-4d0e-970b-3cefeb30d57a,midmost.fail,available,14.99,46.99,medium,low,7,name.com,,,24/08/2026 22:29
97778018-ffc0-448a-856e-e00d8e6f20e4,beauty.fail,premium,102.67,102.67,high,low,6,spaceship,,,29/09/2026 14:17
64e082e7-7d68-4f88-b7ef-f1a896e097e9,bmr.fail,available,38.99,38.99,high,low,3,namesilo,,,22/09/2026 09:49
3902685b-f270-44e1-adb9-0d6dca528d91,beryl.fail,available,38.99,38.99,medium,low,5,namesilo,,,23/09/2026 10:23
0a56db3e-47af-43b9-b46e-179bc24576cc,danish.fail,premium,44.99,41.25,high,low,6,name.com,,,13/08/2026 17:19
24fe1d91-aba5-49fc-af6d-cb1133e024c3,conjointly.fail,available,38.99,38.99,medium,low,10,namesilo,,,14/09/2026 07:27
18a8297c-3a88-4dbb-a696-293122c9e9f3,bedsit.fail,available,38.99,38.99,medium,low,6,namesilo,,,22/09/2026 23:36
ec007b80-2e4d-43ed-a0ba-47b5fc276a5c,shaken.fail,available,38.99,38.99,high,low,6,namesilo,,,10/09/2026 05:44
58c32ec0-7a2b-4709-8f77-7e903c4118bd,compliant.fail,available,38.99,38.99,high,low,9,namesilo,,,23/09/2026 17:44
76f80fe2-cde1-4829-abb1-13f3dec68af0,pugin.fail,available,38.99,38.99,medium,low,5,namesilo,,,21/09/2026 04:06
975ecdee-8d1b-4c2c-ba50-e86e62d879ed,spurs.fail,available,31.25,31.25,high,low,5,spaceship,,,29/09/2026 09:52
33bb32bd-3f67-44eb-b2c9-445867a4f4d3,auxiliary.fail,available,14.99,46.99,high,low,9,name.com,,,
5ef12ab7-1f30-4ced-abbb-0be528253cc7,chiang.fail,available,38.99,38.99,medium,low,6,namesilo,,,25/09/2026 16:34
611c7ef0-cf08-4ae5-a121-e9ac0f80c088,aikido.fail,available,40.98,50.98,high,low,6,namecheap,,,17/09/2026 21:02
bd44566c-866d-4af9-9aaf-7489694fd2dc,seconds.fail,available,40.98,50.98,high,low,7,namecheap,,,25/09/2026 18:47
6a13caaa-0d30-47af-b223-cfde99731d23,softball.fail,premium,,,high,low,8,,,,29/09/2026 01:51
e128703e-a468-4fd9-981c-6076284413d0,belching.fail,available,38.99,38.99,medium,low,8,namesilo,,,23/09/2026 04:36
1103d8ce-4400-4500-bf1d-6b7fd6771d71,trifid.fail,available,38.99,38.99,medium,low,6,namesilo,,,11/09/2026 19:33
4b57f8a4-1404-49df-91f2-1d5d93835fa3,fee.fail,premium,68.51,68.51,high,low,3,spaceship,,,29/09/2026 05:24
0e6252cb-3221-4ae9-a975-400e76dc032a,fleetly.fail,available,40.98,50.98,medium,low,7,namecheap,,,14/09/2026 18:56
ec39f513-3450-44ad-be9e-1436849603c5,profitably.fail,available,40.98,50.98,medium,low,10,namecheap,,,14/09/2026 20:29
35dd09f7-b48d-49aa-85de-a4f4b3dd53ab,hedges.fail,available,31.25,31.25,medium,low,6,spaceship,,,30/09/2026 04:31
139fbe32-5a92-4654-8431-2d1a34302d34,professors.fail,available,38.99,38.99,medium,low,10,namesilo,,,29/09/2026 11:19
644ce96d-1ea9-4c11-bc35-1cca7d3f6dca,pillock.fail,available,38.99,38.99,low,low,7,namesilo,,,10/09/2026 23:13
262e1c53-655e-4dcf-8c67-5c1455bbb4b2,tanzanian.fail,premium,78.54,78.54,medium,low,9,namesilo,,,11/09/2026 08:09
ae3d03bd-8ede-423e-a1db-396badc34356,negotiator.fail,available,38.99,38.99,high,low,10,namesilo,,,01/10/2026 03:04
ddc8c413-8262-40b3-b880-ac9162131a31,paediatric.fail,available,38.99,38.99,medium,low,10,namesilo,,,04/09/2026 22:51
76d212fd-d123-488c-b1b8-2e0bc37a79c2,stadium.fail,available,38.99,38.99,high,low,7,namesilo,,,28/09/2026 03:07
68ccdbcc-cb25-4ba2-8633-40e36b47aa88,avondale.fail,available,31.25,31.25,medium,low,8,spaceship,,,30/09/2026 21:47
87adfa9b-185e-4c5f-a0b8-b7a9f2922d90,thither.fail,available,40.98,50.98,medium,low,7,namecheap,,,16/09/2026 08:57
28202890-7332-4385-b5b3-4ff2a1c8d715,pithy.fail,available,38.99,38.99,high,low,5,namesilo,,,19/09/2026 23:01
95a3e66c-2923-45b4-9508-a425c1836909,compete.fail,available,38.99,38.99,high,low,7,namesilo,,,30/09/2026 17:34
0bd7f924-f45e-4b4b-8841-b58a2f72f268,cannoneer.fail,available,38.99,38.99,medium,low,9,namesilo,,,20/09/2026 11:44
f327c617-e0a2-42a8-a77c-21b5ac50f246,startling.fail,available,40.98,50.98,medium,low,9,namecheap,,,10/09/2026 19:02
ff6119fe-f154-4f74-ae50-a5085352d7b3,knocked.fail,available,40.98,50.98,low,low,7,namecheap,,,25/09/2026 18:45
1a816e01-9d29-4aa5-8a66-5ab684d45a94,suburbs.fail,available,38.99,38.99,low,low,7,namesilo,,,29/09/2026 05:04
cbd93d15-e9c3-44ff-b0fe-0e9ffd74ea23,platte.fail,available,31.25,31.25,high,low,6,spaceship,,,28/09/2026 02:56
a272ba23-1616-4366-a914-cf76189d1ae6,dita.fail,available,38.99,38.99,medium,low,4,namesilo,,,18/09/2026 14:25
86fd1da9-d524-434e-99a1-9c48db3b2b3e,eighteen.fail,available,40.98,50.98,high,low,8,namecheap,,,21/09/2026 11:58
5751a8aa-9aab-4ea0-bb94-25983f6485e2,corporeal.fail,available,14.99,46.99,medium,low,9,name.com,,,13/08/2026 01:54
91d47b36-833e-4603-a0e1-6ce4f884c6d1,plantation.fail,available,31.25,31.25,high,low,10,spaceship,,,28/09/2026 06:31
0847b8c0-5ad6-4bed-8486-26f2da8c40e4,sibylline.fail,available,14.99,46.99,medium,low,9,name.com,,,11/08/2026 12:20
d0b0caef-f370-47ce-b530-d42c4b769a2f,offish.fail,available,38.99,38.99,medium,low,6,namesilo,,,04/09/2026 01:35
13dd329d-da66-42a8-8fa1-1488f49333c1,handling.fail,available,38.99,38.99,high,low,8,namesilo,,,25/09/2026 23:04
e7143833-76ec-44e4-9cab-65ea93ec4311,absolved.fail,available,14.99,46.99,high,low,8,name.com,,,
d704c500-d395-4dcc-b11a-d207bb17c7e1,conductor.fail,available,31.25,31.25,high,low,9,spaceship,,,29/09/2026 10:48
b0535f64-d1c2-4c98-a58e-c6ebcc4a04d4,dhaka.fail,available,31.25,31.25,medium,low,5,spaceship,,,29/09/2026 06:13
86994c75-52ce-4f8d-9fb7-414440f728d5,oaxaca.fail,available,8.24,31.41,high,low,6,porkbun,,,28/09/2026 06:30
ffeb87b1-5469-4815-b68c-089fd04ce9fc,throttle.fail,available,40.98,50.98,high,low,8,namecheap,,,16/09/2026 21:47
506f98aa-de9a-47b3-a41a-6d448102d8c7,tactics.fail,available,38.99,38.99,high,low,7,namesilo,,,28/09/2026 02:32
9bcc91dd-9786-4fd7-9320-256b95b94f82,phyllis.fail,available,31.25,31.25,medium,low,7,spaceship,,,28/09/2026 07:46
e1734132-81d4-42f6-8165-2b548d4a56a2,suites.fail,available,8.24,32.32,medium,low,6,dynadot,,,29/09/2026 17:41
1e3dfa70-ca86-4182-a335-963809aaae8c,colo.fail,available,40.98,50.98,medium,low,4,namecheap,,,30/09/2026 06:13
b789b049-a0e3-47cd-86fe-023d83771c26,pastry.fail,available,38.99,38.99,high,low,6,namesilo,,,29/09/2026 13:40
252567a3-3340-4834-affc-8da1ea700473,chives.fail,available,38.99,38.99,high,low,6,namesilo,,,18/09/2026 11:27
dced3b3d-1743-4c8c-9d5f-ff5c8843531e,lubricious.fail,available,14.99,46.99,medium,low,10,name.com,,,24/08/2026 10:50
79e1fcb2-0677-4e17-8a3a-1460fc3af112,hui.fail,available,38.99,38.99,high,low,3,namesilo,,,27/09/2026 07:46
64585b36-9bbb-4344-a75e-8fb2d6649db9,asses.fail,available,30.2,30.2,medium,low,5,cloudflare,,,30/09/2026 15:16
9f6bd245-dbe5-43f8-abf0-59b4da0fe2b0,audacious.fail,available,38.99,38.99,high,low,9,namesilo,,,22/09/2026 12:06
596d47a6-e341-4c46-93fc-cac4b68c164d,frye.fail,available,40.98,50.98,medium,low,4,namecheap,,,28/09/2026 19:16
fb9ca185-f9da-424d-97b3-916cd1b7d865,delle.fail,available,31.25,31.25,medium,low,5,spaceship,,,28/09/2026 07:54
df8e2f04-3a03-4f8e-82b2-75abeabe2147,allegory.fail,available,38.99,38.99,high,low,8,namesilo,,,18/09/2026 10:41
bbaf6482-0612-4274-bed2-1504a5a75db5,primitive.fail,available,38.99,38.99,high,low,9,namesilo,,,27/09/2026 05:47
846688f4-255e-4659-b3a9-2ed0dfc57347,aiming.fail,available,31.25,31.25,high,low,6,spaceship,,,28/09/2026 07:21
e5e1e2b0-ffbe-4a12-a01d-b94c7ad1e3d9,hunger.fail,available,38.99,38.99,high,low,6,namesilo,,,29/09/2026 23:24
dd2a44fd-03f4-483d-a885-3551cd3a8a13,collaborate.fail,available,31.25,31.25,high,low,11,spaceship,,,29/09/2026 20:56
a630da82-4e16-4872-aaee-1bc543a85371,bari.fail,available,38.99,38.99,high,low,4,namesilo,,,22/09/2026 05:51
a0b5edd8-96a0-4d63-8543-4a6955412a9c,saturation.fail,available,40.98,50.98,high,low,10,namecheap,,,30/09/2026 16:43
74d7a846-effc-47f9-93a1-5293ac060360,terence.fail,available,40.98,50.98,medium,low,7,namecheap,,,27/09/2026 15:27
218a0a24-da37-4f70-8455-cfe1a628805a,kosher.fail,premium,118.8,118.8,high,low,6,namesilo,,,13/08/2026 02:45
95ddcf44-bb52-48f6-814d-5db65f26c440,fooling.fail,available,14.99,46.99,high,low,7,name.com,,,18/08/2026 10:35
06be0b63-00fb-439a-acf7-f31f00a580c1,flowery.fail,available,14.99,46.99,high,low,7,name.com,,,18/08/2026 09:09
a14f9e17-e0cc-4fe1-acb1-0fe807aa7192,natation.fail,available,14.99,46.99,medium,low,8,name.com,,,18/08/2026 08:34
0685af3a-1bcf-4b1d-bc40-8e128e5095c6,victims.fail,available,40.98,50.98,medium,low,7,namecheap,,,18/09/2026 21:07
aa31113f-957f-44f7-859a-5c4ef719de85,multnomah.fail,available,38.99,38.99,high,low,9,namesilo,,,30/09/2026 21:47
fc903cda-4849-4d43-a036-495d7477bdcd,downward.fail,available,14.99,46.99,high,low,8,name.com,,,14/08/2026 17:18
ced2a673-1889-4e12-a1e2-e1a257bf1cba,bodied.fail,available,14.99,46.99,medium,low,6,name.com,,,10/08/2026 16:44
1569cdf4-6bb9-4710-8019-b36817de79eb,moneyless.fail,available,14.99,46.99,medium,low,9,name.com,,,25/08/2026 04:43
476933ee-8e4e-4dc5-8bd1-f433a661efcc,jetting.fail,available,14.99,46.99,high,low,7,name.com,,,22/08/2026 13:09
f31a5120-7104-4efb-af8b-f1d89f1176ac,footsteps.fail,available,31.25,31.25,medium,low,9,spaceship,,,28/09/2026 12:42
504caa64-d3d9-46ba-b78b-2e10cfe2bc35,cows.fail,available,8.24,31.41,high,low,4,porkbun,,,29/09/2026 03:44
e264eb9c-bf99-4f95-8a11-a1f4f6846fcc,microbic.fail,available,14.99,46.99,medium,low,8,name.com,,,24/08/2026 22:21
bafa4eaf-1003-488c-b60c-50280c28b1f0,blowout.fail,available,38.99,38.99,high,low,7,namesilo,,,27/09/2026 16:59
e5fb6f51-c135-439b-b416-a7348a0975ab,ludicrous.fail,available,14.99,46.99,medium,low,9,name.com,,,14/08/2026 02:58
e21b06ae-cbee-41a7-9765-83baa651f130,certainty.fail,available,38.99,38.99,high,low,9,namesilo,,,24/09/2026 13:39
d9e6e87e-46d5-454d-8052-81c63b3eed35,armiger.fail,available,38.99,38.99,medium,low,7,namesilo,,,20/09/2026 06:59
1805eb4f-95b3-4d64-bfea-1939e16590f4,alaska.fail,available,30.2,30.2,high,low,6,cloudflare,,,28/09/2026 19:46
6349fef6-d1fd-4b83-a275-0e21050c8465,cebu.fail,available,38.99,38.99,medium,low,4,namesilo,,,28/09/2026 18:38
668496df-7989-48d9-8bbf-f3d939e81ec8,typing.fail,available,31.25,31.25,high,low,6,spaceship,,,30/09/2026 14:07
48da89f7-f335-4563-9813-b199645bdce3,duracell.fail,available,14.99,,high,low,8,name.com,,,
1420da7a-cbbb-485c-b7e3-d64cf0537887,mend.fail,available,31.25,31.25,high,low,4,spaceship,,,30/09/2026 08:51
5ae5e1e4-8fed-485b-b430-40479a5715ee,supervise.fail,available,31.25,31.25,high,low,9,spaceship,,,30/09/2026 05:05
2dda2ba3-a7aa-4396-bda6-1b82a5b0c490,parkway.fail,available,38.99,38.99,medium,low,7,namesilo,,,30/09/2026 10:48
5046838a-96eb-41e1-8897-213f41cb773c,hebron.fail,available,38.99,38.99,medium,low,6,namesilo,,,28/09/2026 16:34
9e70bd0a-565f-4db9-b5cd-c52cfee2f4a5,infra.fail,available,38.99,38.99,high,low,5,namesilo,,,15/09/2026 08:17
acead3e3-664d-41ca-b0f3-8540d5c09cba,slapdash.fail,available,38.99,38.99,medium,low,8,namesilo,,,10/09/2026 09:57
779c7cde-7e5b-4638-bebc-028e6d103bba,peking.fail,available,40.98,50.98,high,low,6,namecheap,,,23/09/2026 04:13
9e7ed4b4-3ecb-4cd4-9acf-1c505f8e698f,linnaean.fail,available,14.99,46.99,medium,low,8,name.com,,,23/08/2026 16:38
c836c31f-6d1c-4ee1-b8d5-0fce87ace666,tilden.fail,available,14.99,46.99,medium,low,6,name.com,,,23/09/2026 14:08
8d3fbd01-b055-4be2-8bfc-0489b86d9e1a,earning.fail,available,31.25,31.25,medium,low,7,spaceship,,,28/09/2026 13:27
9c509551-b1f1-47e3-a632-8561b39a0f27,puebla.fail,available,31.25,31.25,medium,low,6,spaceship,,,28/09/2026 10:03
abf50e6d-2296-4bf8-ad52-9d2718555997,housebound.fail,available,14.99,46.99,medium,low,10,name.com,,,21/08/2026 10:56
3186fda6-5b0c-4298-8a6c-87f89543e244,lorna.fail,available,31.25,31.25,medium,low,5,spaceship,,,29/09/2026 15:29
e62562d0-0983-47e7-a225-24bc1df51f59,deformity.fail,available,40.98,50.98,medium,low,9,namecheap,,,24/09/2026 21:21
5d182b5b-e097-4128-a3f4-092ddcfe4db9,erwin.fail,available,38.99,38.99,high,low,5,namesilo,,,27/09/2026 01:41
02679c1d-40d5-44b9-ba98-0ac4df54ee3d,averment.fail,available,38.99,38.99,medium,low,8,namesilo,,,20/09/2026 16:16
8b79fa23-d2d0-40e6-a4b1-124be44c1ae4,tolu.fail,available,38.99,38.99,medium,low,4,namesilo,,,22/09/2026 00:08
80501e18-e916-49ff-b1a0-bdb1e8bad24a,anticipated.fail,available,14.99,46.99,high,low,11,name.com,,,08/09/2026 14:34
050d1423-7a5d-40f4-9bd9-acb0e9a2f674,cellini.fail,available,38.99,38.99,medium,low,7,namesilo,,,23/09/2026 08:47
22281d77-d99e-47ec-b754-f0de1c4a3624,upset.fail,available,38.99,38.99,medium,low,5,namesilo,,,24/09/2026 11:19
dfd090bf-4d5f-4654-be27-1cf9631175b2,comforted.fail,available,40.98,50.98,high,low,9,namecheap,,,23/09/2026 15:14
43c432d7-ec04-475a-b5bc-03c2c98fd8f2,smelling.fail,available,30.2,30.2,high,low,8,cloudflare,,,27/09/2026 22:56
b0458951-21c1-4341-8b73-3c6dc0548937,wonderfully.fail,available,14.99,,high,low,11,name.com,,,
fb87bbfd-cd5e-4c81-aa9b-02070f99278d,implants.fail,available,31.25,31.25,medium,low,8,spaceship,,,29/09/2026 17:38
03babd66-7702-4cb2-aba5-1b0cd4cd19d8,fences.fail,available,31.25,31.25,medium,low,6,spaceship,,,29/09/2026 11:21
db4d9ddc-7b14-4496-ae27-1ca5eaabe16b,sizzling.fail,available,38.99,38.99,high,low,8,namesilo,,,10/09/2026 09:17
1aa52271-b4b6-4962-a912-6156241b9ac7,pierced.fail,available,38.99,38.99,high,low,7,namesilo,,,08/09/2026 16:50
b6430cea-214c-4275-8b1e-6326c53e7e50,williamsport.fail,available,30.2,30.2,medium,low,12,cloudflare,,,29/09/2026 15:53
f3ba64d9-f704-453c-a6ed-86b7c0f82dfb,vocative.fail,available,14.99,46.99,medium,low,8,name.com,,,13/09/2026 06:31
21df82d1-9a55-4e37-8a49-d9b41d82b741,browne.fail,available,38.99,38.99,high,low,6,namesilo,,,20/09/2026 10:27
93d7f3d0-6b71-472e-aa81-d5523b05f366,evacuation.fail,available,38.99,38.99,high,low,10,namesilo,,,28/09/2026 09:36
f1138c2c-d5ab-4656-8778-cb848d380184,moderating.fail,available,14.99,46.99,medium,low,10,name.com,,,25/08/2026 02:56
642138f8-62b4-4e7c-9bd4-57322cc7b4d7,bangor.fail,available,38.99,38.99,high,low,6,namesilo,,,22/09/2026 01:58
6cd65b49-b2d5-4229-90da-af01e16bb289,broadleaf.fail,available,14.99,46.99,high,low,9,name.com,,,11/08/2026 04:57
d3e28efc-de3e-4c27-93c6-d66c92ba2ed1,southwest.fail,available,8.24,31.41,medium,low,10,porkbun,,,28/09/2026 13:09
32d52630-def7-438d-afbd-426d3d6c8940,shipments.fail,available,59.99,59.99,medium,low,9,godaddy,,,01/10/2026 00:42
d60d4953-f556-4161-ab1a-c8b222da62fb,citrous.fail,available,38.99,38.99,medium,low,7,namesilo,,,25/09/2026 05:54
a6106258-be4a-439b-8cdb-246283c53045,hatred.fail,available,31.25,31.25,medium,low,6,spaceship,,,29/09/2026 22:18
db55cc6f-2b46-4439-bb71-cba42d844928,alternative.fail,available,38.99,38.99,high,low,11,namesilo,,,26/09/2026 00:42
cefdd844-92da-4fa8-ac12-bd85aa752e31,lover.fail,available,38.99,38.99,high,low,5,namesilo,,,23/09/2026 10:15
dca01916-e7b4-48d2-8623-f5a88cf8ec39,pellmell.fail,available,14.99,46.99,medium,low,9,name.com,,,21/08/2026 01:07
2bed4706-3e58-439f-aff3-8ed86fad9b21,oxonian.fail,available,38.99,38.99,medium,low,7,namesilo,,,04/09/2026 22:32
2bda9592-06c0-476c-a1ec-03cf48a5aaa1,bohrium.fail,available,40.98,50.98,medium,low,7,namecheap,,,20/09/2026 22:07
770aad95-7cc2-4dcf-ad12-5eb18bf35e48,connectivity.fail,available,31.25,31.25,high,low,12,spaceship,,,28/09/2026 07:10
b6b146af-cfe2-4e73-a9ed-fbbf097a3832,gainful.fail,available,14.99,46.99,medium,low,7,name.com,,,18/08/2026 19:30
d0dae202-5e9a-439f-8ddd-b83d2e23366e,madeline.fail,available,31.25,31.25,high,low,8,spaceship,,,29/09/2026 03:55
f095f0bf-cafe-4a29-bd45-63ef7950366c,eda.fail,available,31.25,31.25,high,low,3,spaceship,,,30/09/2026 05:14
8cfbeab4-0d7d-4cdd-a3a9-d967bbec0474,hubbard.fail,available,38.99,38.99,high,low,7,namesilo,,,25/09/2026 07:34
f9000092-6cda-44b1-864a-f7797af99fbd,aleksandr.fail,available,8.24,31.41,medium,low,9,porkbun,,,28/09/2026 08:00
4ed2d760-7492-468e-a205-f7e3921ade3d,dolan.fail,available,31.25,31.25,high,low,5,spaceship,,,28/09/2026 11:39
4251481b-6332-4206-aebe-79cb26831061,zoning.fail,available,31.25,31.25,high,low,6,spaceship,,,01/10/2026 04:08
17d08d4f-820f-4853-a477-155e1d819d33,negligent.fail,available,38.99,38.99,medium,low,9,namesilo,,,03/09/2026 15:07
a8354c8d-ec41-4f2d-a665-530bd587bed8,undoubtedly.fail,available,14.99,,medium,low,11,name.com,,,
de42a004-ce85-4753-80c0-ea548a872ff0,wares.fail,available,31.25,31.25,medium,low,5,spaceship,,,30/09/2026 20:59
edb8bbd4-bce7-4dc5-8f89-af30ef60620a,hates.fail,available,8.24,31.41,low,low,5,porkbun,,,27/09/2026 23:03
9660499c-7ad1-4add-bee5-9eac0c2a80fe,uncommitted.fail,available,14.99,,medium,low,11,name.com,,,
8debff68-25b3-4d1c-ad40-28a281625484,visconti.fail,available,59.99,59.99,medium,low,8,godaddy,,,30/09/2026 01:25
e45ac555-536e-414e-9d84-f2abc9b32366,brawny.fail,available,14.99,46.99,high,low,6,name.com,,,11/08/2026 02:47
a4f1b6bb-b0ea-4ea3-ba1f-e05db22b7a25,charabanc.fail,available,38.99,38.99,medium,low,9,namesilo,,,21/09/2026 05:58
b6426106-c673-4382-b43b-beda14e938b7,bitchy.fail,available,14.99,46.99,medium,low,6,name.com,,,10/08/2026 07:17
e64d4b84-86fa-404a-a281-f568d6e3d391,formic.fail,available,14.99,46.99,medium,low,6,name.com,,,18/08/2026 12:11
d8a3f1a8-df61-415d-b2bc-e140b9fd4175,lawless.fail,available,14.99,46.99,medium,low,7,name.com,,,
9de7d3e6-121a-4650-8dab-4865af6e4f40,scorpion.fail,available,38.99,38.99,high,low,8,namesilo,,,30/09/2026 02:48
6f81459b-e4eb-44fe-86db-437af05e4024,statutes.fail,available,31.25,31.25,medium,low,8,spaceship,,,30/09/2026 23:10
d91d915a-3b44-4009-9a39-f8a2e163b7ae,favorites.fail,available,8.24,32.32,medium,low,9,dynadot,,,28/09/2026 18:13
cc32585e-2b48-4eca-b4b4-d6e330c3582d,anapest.fail,available,38.99,38.99,medium,low,7,namesilo,,,19/09/2026 02:04
20557771-6543-404a-aa22-bacfefb2ec83,cyanide.fail,available,31.25,31.25,medium,low,7,spaceship,,,30/09/2026 09:19
27a442a7-5d1c-4488-87e3-5ec19c81e7af,playacting.fail,available,14.99,46.99,medium,low,10,name.com,,,
d5e908d6-e3d3-4a92-b742-f4fab46756be,classical.fail,available,14.99,46.99,high,low,9,name.com,,,12/08/2026 09:42
115cd77f-9a1c-4a0b-b54f-fd9644c98164,knobby.fail,available,14.99,46.99,medium,low,6,name.com,,,22/08/2026 16:29
efe8238d-3fb4-49f1-b8c5-2dbb65a7bf28,don.fail,premium,38.94,38.94,high,low,3,namesilo,,,27/09/2026 08:52
10d67719-f2e6-40ff-a6d9-6662ae6766f8,volt.fail,available,38.99,38.99,high,low,4,namesilo,,,13/09/2026 00:34
e443e1fb-fb0f-4f6b-a593-39602af9d61f,regarded.fail,available,14.99,,high,low,8,name.com,,,
538156d4-3280-4bb1-8c31-7dcc824c328e,perchance.fail,available,38.99,38.99,medium,low,9,namesilo,,,14/09/2026 02:12
1113f98d-406e-4194-ac15-cf9a62ab4ae7,princeton.fail,available,40.98,50.98,high,low,9,namecheap,,,28/09/2026 10:45
bd94c1a0-240c-46ec-8c15-4c0b2f2e4f49,offside.fail,available,38.99,38.99,medium,low,7,namesilo,,,04/09/2026 01:39
1511096d-d95e-4c16-a050-5b19db750a92,clocks.fail,available,38.99,38.99,high,low,6,namesilo,,,18/09/2026 06:14
d964bc6a-3e96-481e-8148-cb2d73859853,shampoo.fail,available,8.24,31.41,high,low,7,porkbun,,,30/09/2026 02:51
9073a8e0-67da-4af2-b11b-a5c84307a541,strengthening.fail,available,8.24,32.32,high,low,13,dynadot,,,30/09/2026 19:59
4e49ac34-7b21-4db3-9d32-0fe8c5b36870,abrocome.fail,available,38.99,38.99,medium,low,8,namesilo,,,16/09/2026 17:14
eb58d236-3c70-417f-a6c8-cc3d159abe5b,quaggy.fail,available,14.99,46.99,medium,low,6,name.com,,,10/08/2026 17:10
5cf75f7d-f047-43a6-b68a-843ccf858247,gaga.fail,available,14.99,46.99,medium,low,4,name.com,,,14/08/2026 14:34
0b2b9cd6-0527-4f50-96aa-831fae245fa5,factions.fail,available,31.25,31.25,medium,low,8,spaceship,,,01/10/2026 00:34
1b5c2319-53be-4be6-9409-1bd7228a275c,heading.fail,available,38.99,38.99,high,low,7,namesilo,,,25/09/2026 07:40
1f5fd9a6-9f71-4627-8241-57bb96a329a8,camp.fail,premium,78.54,78.54,high,low,4,namesilo,,,11/08/2026 15:47
db49fbe8-0884-45ea-8510-1cc9fbfbaef0,implant.fail,available,30.2,30.2,high,low,7,cloudflare,,,29/09/2026 13:06
6d8432e2-3c5b-4a68-b762-bd11acf55f23,burbling.fail,available,14.99,46.99,medium,low,8,name.com,,,11/08/2026 10:10
1d18b25f-3f3a-43b9-a4d9-f1ccbf01d52d,tellingly.fail,available,40.98,50.98,medium,low,9,namecheap,,,16/09/2026 08:14
f4e645fd-1530-41e6-8cad-dd2285c56857,dyadic.fail,available,14.99,46.99,medium,low,6,name.com,,,14/08/2026 21:52
904f2fd1-3d09-4634-ab7b-ffef8b551c8e,zimmerman.fail,available,31.25,31.25,high,low,9,spaceship,,,27/09/2026 20:41
b84322af-be45-4434-b6c8-308476d8a138,rooftop.fail,available,31.25,31.25,high,low,7,spaceship,,,29/09/2026 20:13
17bf9339-3c2c-4e7f-bfb6-42f2a05ccb0c,scientific.fail,available,30.2,30.2,high,low,10,cloudflare,,,30/09/2026 16:48
e76da6b6-23de-4ab9-ae6a-cd97be1d4d36,kidneys.fail,available,31.25,31.25,low,low,7,spaceship,,,29/09/2026 05:38
af56aee5-2388-4b60-a2ab-2945c885c946,incense.fail,available,40.98,50.98,high,low,7,namecheap,,,29/09/2026 19:17
28b25df2-ea06-452d-b527-0f7a60948f3d,chest.fail,available,38.99,38.99,high,low,5,namesilo,,,24/09/2026 10:14
9e3127ac-3245-4d21-984b-13f22d4ce868,mortars.fail,available,38.99,38.99,low,low,7,namesilo,,,21/09/2026 02:28
b609d41e-ad8d-499d-918c-107c22a61c15,remindful.fail,available,14.99,46.99,medium,low,9,name.com,,,17/08/2026 15:18
619e4cdc-5bb8-4973-af82-9752ff2a82cd,fascist.fail,available,14.99,46.99,medium,low,7,name.com,,,17/08/2026 22:58
1a1680c8-48af-4530-b2fb-f04516d9ae53,diluvian.fail,available,14.99,46.99,medium,low,8,name.com,,,14/08/2026 07:51
de3d2581-21da-4341-a9d5-9bd961dd1100,accrued.fail,available,14.99,46.99,medium,low,7,name.com,,,
be4f6573-355b-4808-98da-bdfeab4a1b08,feeling.fail,available,31.25,31.25,high,low,7,spaceship,,,29/09/2026 19:08
10cc980c-2125-4f21-9a9d-5de66d2295b5,wan.fail,premium,78.54,78.54,high,low,3,namesilo,,,04/09/2026 23:53
56c525c2-e9e0-430a-a88a-787576816652,perturb.fail,available,38.99,38.99,medium,low,7,namesilo,,,24/09/2026 22:49
ecb027ba-7fe9-4202-9ae5-d97fae2d911e,priestley.fail,available,8.24,31.41,medium,low,9,porkbun,,,29/09/2026 07:23
e69593ef-96d3-4698-9718-91a70e04d2e2,weakening.fail,available,14.99,46.99,medium,low,9,name.com,,,13/08/2026 20:44
bfebd5b5-4227-4a1e-b93c-44c39fac7c8c,northbound.fail,available,40.98,50.98,high,low,10,namecheap,,,03/09/2026 21:29
f6b073ca-1b32-43b6-9fbd-60ed042283d3,steer.fail,available,31.25,31.25,high,low,5,spaceship,,,29/09/2026 10:54
c9e8cd18-feac-4ea8-971a-001a41dc2303,submarine.fail,available,38.99,38.99,high,low,9,namesilo,,,11/09/2026 00:16
02411d4c-9950-4134-9216-99a6acb6aa1d,infatuated.fail,available,14.99,46.99,high,low,10,name.com,,,16/08/2026 21:11
4249e0a9-dd92-4f9f-9f9a-b37a476180ea,software.fail,premium,118.8,118.8,high,medium,8,namesilo,,,30/09/2026 02:03
9b26f11d-7bff-47c5-954d-b041a28dddbb,tingle.fail,available,38.99,38.99,medium,low,6,namesilo,,,11/09/2026 16:11
314c8992-0926-44f7-8928-9af54ae56447,zeno.fail,available,38.99,38.99,high,low,4,namesilo,,,30/09/2026 03:11
cb8997f5-0106-4505-b00c-748d0ed10578,therefore.fail,available,38.99,38.99,medium,low,9,namesilo,,,28/09/2026 15:07
edf5b11c-e0a2-4591-8c85-e667ad81ce36,irascible.fail,available,14.99,46.99,medium,low,9,name.com,,,21/08/2026 14:18
490cb753-aaeb-486c-887e-979f92e3fad8,naively.fail,available,38.99,38.99,medium,low,7,namesilo,,,15/09/2026 16:00
583c25cd-1ca6-46c3-bba8-41c214b43f88,southport.fail,available,38.99,38.99,medium,low,9,namesilo,,,29/09/2026 04:35
f54166a8-5b17-4482-8337-2ab7ca04eff2,biotite.fail,available,40.98,50.98,medium,low,7,namecheap,,,23/09/2026 19:13
f1169044-5a34-41d8-b3b9-3121ff524d6c,nigra.fail,available,40.98,50.98,medium,low,5,namecheap,,,30/09/2026 02:04
f89383cb-8987-4008-aaa2-7b2cc180761f,momentum.fail,available,38.99,38.99,high,medium,8,namesilo,,,30/09/2026 04:55
d147394b-4d5b-4933-ab6f-503db2580a3a,nontaxable.fail,available,40.98,50.98,medium,low,10,namecheap,,,03/09/2026 20:54
209daee7-5de0-4ac9-a921-372498be95c7,targeted.fail,available,40.98,50.98,high,low,8,namecheap,,,28/09/2026 21:29
f18435a1-d4e0-4df5-bd4c-2c258319c51d,spinoza.fail,available,40.98,50.98,high,low,7,namecheap,,,22/09/2026 09:34
966996ec-7774-4df1-8c6d-8613017b82e1,derived.fail,available,14.99,46.99,medium,low,7,name.com,,,14/08/2026 03:07
fb38499e-8735-44a6-aef1-1948c8070efc,pals.fail,available,38.99,38.99,high,low,4,namesilo,,,20/09/2026 10:42
2bd3e8ed-0360-4507-87f7-264bae9efefe,anthill.fail,available,38.99,38.99,high,low,7,namesilo,,,19/09/2026 13:26
1d7849ee-8829-48b5-b758-b26561e7bf0c,displays.fail,available,38.99,38.99,medium,low,8,namesilo,,,30/09/2026 00:15
256dab36-748b-4fce-83b8-70a9fecee5db,stature.fail,available,31.25,31.25,high,low,7,spaceship,,,29/09/2026 08:08
fb230f1d-4fb3-4ce0-971e-89e42d5ee3b7,hodge.fail,available,31.25,31.25,medium,low,5,spaceship,,,29/09/2026 15:06
9587f5c9-b423-4728-81a6-7cad5cf3789b,runabout.fail,available,14.99,,medium,low,9,name.com,,,
b9fdd37c-668f-4e25-9d2e-36e9889ec4b2,supplies.fail,premium,128.7,128.7,medium,low,8,namecheap,,,
8ca67447-dd63-45ed-ac73-99796ab9513c,salerno.fail,available,38.99,38.99,medium,low,7,namesilo,,,29/09/2026 08:00
145a2347-d933-41d2-a883-a22a955294a4,lemonade.fail,available,31.25,31.25,high,low,8,spaceship,,,29/09/2026 01:34
63960d0d-0af9-4f3b-be33-4f867f950ba3,succeeds.fail,available,38.99,38.99,medium,low,8,namesilo,,,30/09/2026 16:01
ff360a67-49da-4003-b906-a740d7c0b824,treating.fail,available,31.25,31.25,medium,low,8,spaceship,,,28/09/2026 08:47
aab8a86c-5970-4244-9769-75760ea185dc,squad.fail,available,38.99,38.99,high,low,5,namesilo,,,26/09/2026 00:04
85364666-6df4-4d7a-a584-cf0084562ee3,deadlines.fail,available,38.99,38.99,medium,low,9,namesilo,,,21/09/2026 08:50
94dfaa40-976c-47c1-bd3b-f5f6c21310cf,eisenhower.fail,available,30.2,30.2,medium,low,10,cloudflare,,,28/09/2026 19:01
fc08180e-fb1d-40ec-916e-f180782a1189,tolerate.fail,available,38.99,38.99,high,low,8,namesilo,,,24/09/2026 10:45
18a62134-32a9-443d-8805-3f0300a7254d,madrona.fail,available,38.99,38.99,medium,low,7,namesilo,,,20/09/2026 01:01
567aa5cf-24ef-4795-919b-9aa8ea05a475,heavens.fail,available,14.99,46.99,high,low,7,name.com,,,16/08/2026 21:00
08b9a5df-e100-4240-a429-71cb10afe4c4,jansen.fail,available,31.25,31.25,medium,low,6,spaceship,,,28/09/2026 18:46
5f3fe69e-a170-4791-a3ac-9e511755662f,pentium.fail,available,14.99,,high,low,7,name.com,,,
91beacb3-9d28-470f-a68f-648432d76c1d,pabulum.fail,available,14.99,46.99,medium,low,7,name.com,,,12/08/2026 18:49
87c0200e-133d-4368-b29a-05b49a4cbd5a,unnatural.fail,available,14.99,46.99,medium,low,9,name.com,,,
6178d76b-b87c-43c1-8cae-a963f41f06c2,adit.fail,available,38.99,38.99,medium,low,4,namesilo,,,17/09/2026 08:21
902e998b-b9d7-4747-880a-8f9bbf817841,sue.fail,premium,38.94,38.94,high,low,3,namesilo,,,28/09/2026 18:04
3dfd68d3-eed2-43a2-9bf5-a6d6a3259399,courses.fail,premium,128.7,128.7,high,low,7,namecheap,,,
e852ef11-45bb-4e87-958a-6fa397d2dd6f,nod.fail,premium,18.3,36.55,high,low,3,porkbun,,,28/09/2026 10:34
23d1dbd1-5d49-4ae5-9ba4-bab6968321cb,toothed.fail,available,14.99,46.99,medium,low,7,name.com,,,17/08/2026 12:41
ef333ae4-81b4-4edf-9f5c-234d238a26d4,thebes.fail,available,8.24,32.32,medium,low,6,dynadot,,,28/09/2026 11:00
230c6bb5-2cd7-4376-b557-c78a8e7e82a9,cosigner.fail,available,14.99,46.99,medium,low,8,name.com,,,13/08/2026 02:49
dd7936c9-4356-4314-8bc2-032d1bfb29e4,lvi.fail,available,14.99,46.99,medium,low,3,name.com,,,
ebe7664f-a8bf-4f83-a1df-8d20803ff41d,coast.fail,available,38.99,38.99,high,low,5,namesilo,,,29/09/2026 10:10
80db5e91-ee28-4da3-bf2d-1c70263f86ee,holman.fail,available,38.99,38.99,high,low,6,namesilo,,,28/09/2026 04:15
7abfc8d9-34f6-47bd-842e-697dc6b63887,discrete.fail,available,14.99,46.99,high,low,8,name.com,,,14/08/2026 10:02
37083209-ea46-4d74-a32c-93167a3d0b5d,satiated.fail,available,38.99,38.99,medium,low,8,namesilo,,,09/09/2026 21:39
a3e7883e-8201-454c-8678-6214692cba22,grades.fail,available,8.24,32.32,high,low,6,dynadot,,,27/09/2026 11:23
de3d624d-562f-4393-8b06-aa4bece5aa6e,unreadable.fail,available,14.99,46.99,medium,low,10,name.com,,,22/08/2026 02:25
0769b326-1f52-4c6d-9dae-293bec3640c1,bargaining.fail,available,38.99,38.99,high,low,10,namesilo,,,22/09/2026 05:36
ac93ffb1-211c-48da-9447-d4d92bb8f502,engross.fail,available,40.98,50.98,medium,low,7,namecheap,,,10/09/2026 19:54
8a945cac-cad6-4395-bec4-a99966583208,shakes.fail,available,8.24,31.41,medium,low,6,porkbun,,,29/09/2026 17:26
14700cd1-b2f6-4663-99d2-96e1f538e78d,stripy.fail,available,38.99,38.99,medium,low,6,namesilo,,,10/09/2026 22:46
607f4278-25f9-4b35-85ec-de5107c29a75,bazaar.fail,available,40.98,50.98,high,low,6,namecheap,,,22/09/2026 18:20
32dc1112-b0e5-4433-af5b-c3ac7b4b7505,allergenic.fail,available,14.99,46.99,medium,low,10,name.com,,,
88ad647a-4def-418e-ad4a-eed7ca65298a,affiliation.fail,available,14.99,,high,low,11,name.com,,,
dff5fa5e-b3a8-4101-9185-b5214a959bb2,painted.fail,available,40.98,50.98,high,low,7,namecheap,,,25/09/2026 23:19
51307fb5-6f53-4f11-b1e0-54778aa58c4a,additions.fail,available,38.99,38.99,medium,low,9,namesilo,,,18/09/2026 16:32
cb7de699-ab49-458d-ae1e-ebc750b18b18,carrel.fail,available,38.99,38.99,medium,low,6,namesilo,,,18/09/2026 06:05
c8dc9de9-8794-44b7-8716-0bb1d6e12731,intended.fail,available,40.98,50.98,high,low,8,namecheap,,,25/09/2026 09:53
46fa7fb9-e645-4829-a00e-76f0dc2cabcd,stalling.fail,available,40.98,50.98,medium,low,8,namecheap,,,30/09/2026 18:49
67fcd926-2949-4feb-b389-192cec3de111,hubei.fail,available,30.2,30.2,medium,low,5,cloudflare,,,30/09/2026 13:23
ce7ada12-6b03-413f-b76c-eb0935d05d77,lachrymal.fail,available,14.99,46.99,medium,low,9,name.com,,,22/08/2026 17:59
87ae2c69-eee4-4b54-9829-b84093824b01,loon.fail,available,40.98,50.98,high,low,4,namecheap,,,17/09/2026 07:03
39a18d90-d03d-489f-bc50-936520403483,lackey.fail,available,38.99,38.99,medium,low,6,namesilo,,,20/09/2026 15:38
8ec0f84c-736d-4f43-a86f-7bb489d24625,counterfeit.fail,available,31.25,31.25,high,low,11,spaceship,,,29/09/2026 08:25
c998449f-5157-4c5f-a98b-a5448a2aaae4,hand.fail,available,31.25,31.25,high,low,4,spaceship,,,29/09/2026 04:06
88e55b2a-7d0d-4cdc-9b9a-8ca14614c7c5,erfurt.fail,available,30.2,30.2,high,low,6,cloudflare,,,30/09/2026 13:16
98d9cf92-43c5-4968-87b5-b770b3bc7e65,mystifying.fail,available,14.99,46.99,medium,low,10,name.com,,,13/08/2026 09:39
66e6a375-737b-486d-aea6-6f86d3be3a78,puppet.fail,available,8.24,32.32,high,low,6,dynadot,,,28/09/2026 02:20
71137977-4228-4f8e-8b98-5574c1931111,alphabetic.fail,available,40.98,50.98,high,low,10,namecheap,,,22/09/2026 02:10
c25560b2-59c5-4721-871e-fd675224ee95,barnyard.fail,available,38.99,38.99,high,low,8,namesilo,,,22/09/2026 06:58
11c045da-fa73-44ec-86b7-4e9139d1e510,producer.fail,available,38.99,38.99,high,low,8,namesilo,,,25/09/2026 10:38
d172d3b3-6d25-449e-876f-063a3f3ef392,funds.fail,available,38.99,38.99,high,low,5,namesilo,,,29/09/2026 07:34
296510ea-4512-4b67-afc9-05f09d04e02d,cir.fail,available,40.98,50.98,high,low,3,namecheap,,,29/09/2026 09:07
c68e0d50-0011-437d-b597-a7d2c97c4772,kaufman.fail,available,38.99,38.99,medium,low,7,namesilo,,,25/09/2026 22:56
c71cabc5-bd14-4038-9ec1-82ce9d85b48a,aten.fail,available,14.99,46.99,medium,low,4,name.com,,,20/09/2026 20:04
cf168d12-a645-47a1-adb6-05d11dccadde,sodden.fail,available,38.99,38.99,medium,low,6,namesilo,,,10/09/2026 13:24
2cd17f04-34aa-4f13-bd37-320aba7c3f9f,princely.fail,available,14.99,46.99,high,low,8,name.com,,,14/08/2026 01:00
ab0ab9f2-8adf-40f0-959c-2ecbe5d01624,sophomore.fail,available,38.99,38.99,high,low,9,namesilo,,,10/09/2026 14:17
784e54ad-230e-453e-b348-6f639bb2767c,preacher.fail,available,38.99,38.99,high,low,8,namesilo,,,27/09/2026 15:23
7d7950ca-a736-492f-b142-e4ddfdaf158d,deftness.fail,available,38.99,38.99,high,low,8,namesilo,,,17/09/2026 07:43
a968dffc-a644-41a8-aee5-9aa6a5693faf,creates.fail,available,31.25,31.25,medium,low,7,spaceship,,,30/09/2026 02:17
8a31dd4d-cb02-42cb-9246-b8352f504a4f,scully.fail,available,38.99,38.99,medium,low,6,namesilo,,,28/09/2026 11:43
201b300e-63eb-4fa9-b9ce-874b097d5389,spine.fail,available,8.24,32.32,high,low,5,dynadot,,,28/09/2026 17:17
91376386-f22f-48c2-b15b-3ebf34559118,aviary.fail,available,38.99,38.99,high,low,6,namesilo,,,21/09/2026 09:22
1e52d1e3-9eb8-47be-958f-ada2b9c8c343,deposit.fail,available,38.99,38.99,high,low,7,namesilo,,,28/09/2026 20:39
1bacf789-6ea7-43e7-889e-5c6f959c80c0,pigweed.fail,available,38.99,38.99,medium,low,7,namesilo,,,18/09/2026 15:54
b045fedc-a3e9-44f1-bd06-92cc9ef0cbec,bandage.fail,available,38.99,38.99,high,low,7,namesilo,,,22/09/2026 00:52
51254955-0158-4790-9e59-f2c8a754f19a,sofia.fail,available,38.99,38.99,high,medium,5,namesilo,,,24/09/2026 11:03
2c07b954-7005-4ce7-8b7a-c2f891a5c849,farmhouse.fail,available,30.2,30.2,high,low,9,cloudflare,,,29/09/2026 12:14
0f2f876a-e648-4f36-bbcd-3eda221f08c2,screwball.fail,available,14.99,46.99,medium,low,9,name.com,,,20/08/2026 22:30
f89dc39c-407a-4d97-8df6-1a7d7a4768de,djia.fail,available,14.99,,medium,low,4,name.com,,,
19d240d9-2c88-4794-968e-14d4a5c42582,finely.fail,available,38.99,38.99,high,low,6,namesilo,,,14/09/2026 11:23
d3f40518-5e7d-411d-aa5e-a347b3120018,shun.fail,available,38.99,38.99,high,low,4,namesilo,,,24/09/2026 02:00
ec626427-7e9e-487f-96eb-f5ec0924b1d2,llewellyn.fail,available,8.24,32.32,medium,low,9,dynadot,,,29/09/2026 09:48
a1629526-7a2a-4d03-aacb-162491f7c2ee,rifles.fail,available,30.2,30.2,low,low,6,cloudflare,,,28/09/2026 08:46
9897322b-43fd-44e5-aee3-63982365d2fd,taxation.fail,available,38.99,38.99,high,low,8,namesilo,,,30/09/2026 10:13
0ff1236f-1c1d-409a-855c-d7db0d5f38ad,abohm.fail,available,38.99,38.99,medium,low,5,namesilo,,,16/09/2026 16:26
e4f22ee7-b89f-4b9a-898a-10e897f74cf1,pickett.fail,available,38.99,38.99,medium,low,7,namesilo,,,28/09/2026 14:18
fbb886b8-13bd-4ab2-8f46-ea8a7aa179f2,unfair.fail,available,31.25,31.25,high,low,6,spaceship,,,28/09/2026 09:45
fe1581bd-59b0-4492-9bce-0ce932dacf3e,catania.fail,available,31.25,31.25,medium,low,7,spaceship,,,29/09/2026 23:03
af685efe-5c70-47af-ba2d-5eed7ce017a6,pressure.fail,available,38.99,38.99,high,low,8,namesilo,,,24/09/2026 23:12
f382090e-ca29-4d56-b811-6fcb609206e0,mythological.fail,available,30.2,30.2,high,low,12,cloudflare,,,30/09/2026 14:14
7d154317-29ea-46f4-9de4-1a83f909c49a,cadet.fail,available,8.24,31.41,high,low,5,porkbun,,,29/09/2026 00:18
a91b3d68-8909-4835-a066-8fa3edf6c865,cynical.fail,available,14.99,46.99,medium,low,7,name.com,,,13/08/2026 13:59
7af8c396-fe2a-4c18-87dc-1a01ad6dcd4c,thirtieth.fail,available,14.99,46.99,high,low,9,name.com,,,
97a6f6bf-9bf0-48a8-81c7-0c2bd5ac73ca,judicial.fail,available,14.99,46.99,high,low,8,name.com,,,22/08/2026 14:14
a1b0b4a4-a611-453e-9b8e-118e9f87e087,beaujolais.fail,available,38.99,38.99,high,low,10,namesilo,,,22/09/2026 22:13
e324d5f9-e228-469a-869a-4e7d98b55048,alkaloidal.fail,available,14.99,46.99,medium,low,10,name.com,,,
cc7811e4-3959-4009-85d0-898d50184f1b,warship.fail,available,30.2,30.2,medium,low,7,cloudflare,,,01/10/2026 01:30
80104096-86d2-46c4-8728-9172d5e0d8f2,feculent.fail,available,14.99,46.99,low,low,8,name.com,,,18/08/2026 00:32
4583ccfe-9805-4bf9-bcc7-ea988d55dd75,mysteriously.fail,available,38.99,38.99,medium,low,12,namesilo,,,30/09/2026 04:03
18056fa9-2118-478e-899d-b54d42fb0aba,omen.fail,available,38.99,38.99,high,low,4,namesilo,,,27/09/2026 07:13
a20e52f2-1988-40f5-9699-26ae2ee49dc3,osmanli.fail,available,38.99,38.99,medium,low,7,namesilo,,,04/09/2026 18:41
63268b63-459c-4eee-9c2d-09b3cc2ebf7e,milking.fail,available,38.99,38.99,high,low,7,namesilo,,,30/09/2026 23:01
12e5849a-578a-42ab-ab85-bf604470554e,gobsmacked.fail,available,14.99,46.99,medium,low,10,name.com,,,20/08/2026 16:00
7e2b2793-c598-4486-86f6-4eefb120ebb5,hogg.fail,available,8.24,31.41,medium,low,4,porkbun,,,01/10/2026 02:37
d940042b-5ce4-4071-8392-7d533d476235,evermore.fail,available,38.99,38.99,high,low,8,namesilo,,,14/09/2026 16:19
034c2d8c-b7d6-441e-9bb6-4b8ea7857fa7,dianne.fail,available,30.2,30.2,medium,low,6,cloudflare,,,30/09/2026 05:00
21f9ba65-5e2a-46a4-902f-092ce05b536d,alanine.fail,available,38.99,38.99,medium,low,7,namesilo,,,18/09/2026 01:50
b5bfe341-1dcb-4f3a-a809-4416828b56c1,prone.fail,available,40.98,50.98,medium,low,5,namecheap,,,27/09/2026 07:37
6710cd75-bfc8-46ce-bae4-0d96aa867825,apium.fail,available,38.99,38.99,medium,low,5,namesilo,,,19/09/2026 17:32
84d18b8c-88a4-4c24-a3eb-9700efb9fa1a,cans.fail,available,38.99,38.99,medium,low,4,namesilo,,,18/09/2026 22:47
130baa80-5f0b-44ce-9c33-894b57aafc83,matching.fail,available,14.99,46.99,high,low,8,name.com,,,12/08/2026 13:23
eb0694e8-0b7e-4763-a5d2-d282e697d56e,their.fail,available,14.99,,medium,low,5,name.com,,,
c4535339-2836-4442-955c-b8182831aeb3,alienate.fail,available,14.99,46.99,medium,low,8,name.com,,,
c231eace-93b9-4b35-89f7-8d3f56542365,whitener.fail,available,40.98,50.98,medium,low,8,namecheap,,,24/09/2026 03:50
ce8c2ead-08c6-46ee-812f-8df513676d38,counseling.fail,available,38.99,38.99,high,low,10,namesilo,,,01/10/2026 03:29
90367dd1-756f-47ff-8193-9cfb9946704d,heal.fail,available,38.99,38.99,high,low,4,namesilo,,,29/09/2026 13:02
2eb39e06-e1c7-41a4-88e4-cfad8ca3ef1b,canton.fail,available,38.99,38.99,high,low,6,namesilo,,,23/09/2026 16:10
9aab2159-c869-487b-999a-b270e9d1e3f6,ive.fail,available,14.99,,medium,low,3,name.com,,,
01fa828f-268e-4d3a-87d7-5bcd177cdeed,morehead.fail,available,31.25,31.25,medium,low,8,spaceship,,,30/09/2026 04:30
79d5572c-7f99-493e-b64a-8474bea5100b,billy.fail,available,38.99,38.99,high,low,5,namesilo,,,23/09/2026 16:44
d15ac9ad-0bef-4689-8944-6f3f15ef58c3,alizarin.fail,available,38.99,38.99,medium,low,8,namesilo,,,18/09/2026 08:12
9d970aad-174c-422b-8927-2b24473ac1c8,stuck.fail,available,38.99,38.99,medium,low,5,namesilo,,,28/09/2026 01:42
068c7956-bea5-476f-b207-a11471c4e5f1,forced.fail,available,14.99,46.99,high,low,6,name.com,,,23/09/2026 21:10
56b39ccb-1a93-436c-9e0a-97fa18182663,dominoes.fail,available,38.99,38.99,high,low,8,namesilo,,,24/09/2026 23:28
860b32fa-57a5-4c31-949b-de3ae415f06e,workload.fail,available,31.25,31.25,high,low,8,spaceship,,,30/09/2026 03:09
f32c453d-c883-4ea5-abb8-0402ac33e8f3,fdic.fail,available,38.99,38.99,medium,low,4,namesilo,,,30/09/2026 01:36
acd36249-b4c5-49fd-9fb2-99b1b535b4e7,betrothed.fail,available,14.99,46.99,high,low,9,name.com,,,09/08/2026 18:07
1503fb5f-a346-48d7-976f-b30e3fef9afa,boney.fail,available,14.99,46.99,medium,low,5,name.com,,,10/08/2026 18:44
3e36a771-d26a-4ee7-a04d-d4010535b754,strokes.fail,available,38.99,38.99,medium,low,7,namesilo,,,29/09/2026 04:49
d0d231e3-972f-4b3b-b4b1-f9a74b31945b,corsair.fail,available,40.98,50.98,high,low,7,namecheap,,,22/09/2026 04:33
98d8665f-acd6-483a-ac17-c81933205e8b,declined.fail,available,38.99,38.99,medium,low,8,namesilo,,,28/09/2026 22:47
6fc1d0b3-b72e-4054-9fd8-b649664d4386,justification.fail,available,14.99,,medium,low,13,name.com,,,
9d411ef4-1c91-4ba8-8658-571d5cdfce12,despotic.fail,available,14.99,46.99,medium,low,8,name.com,,,07/08/2026 18:58
3f10ff6e-450e-4ae2-8727-4a8eb01d6ce6,blankness.fail,available,38.99,38.99,medium,low,9,namesilo,,,24/09/2026 04:02
adc70397-cb08-4033-bcfd-b446c082fdd4,cbc.fail,available,38.99,38.99,high,low,3,namesilo,,,28/09/2026 00:59
44fd99de-75a5-4367-aa08-06cf5c3aa2ed,intuition.fail,available,31.25,31.25,high,low,9,spaceship,,,28/09/2026 19:28
2083c18d-3cb1-449e-996b-67bd12d51514,rivera.fail,available,38.99,38.99,high,low,6,namesilo,,,25/09/2026 04:54
248de6f2-c7ce-4d10-afb8-30918a0a0375,tessa.fail,available,38.99,38.99,high,low,5,namesilo,,,30/09/2026 04:17
084ba35e-f338-47b2-92ac-a978d7676055,exceed.fail,available,38.99,38.99,high,low,6,namesilo,,,11/09/2026 17:21
1ac0e61e-a90c-48b8-8d0b-5a13d7f647e0,packaged.fail,available,38.99,38.99,high,low,8,namesilo,,,04/09/2026 22:44
ad80db93-abc3-4339-a026-75746cd6faf7,amidships.fail,available,14.99,46.99,medium,low,9,name.com,,,
061eca11-a7e8-4944-a895-06435ce75421,anthyllis.fail,available,40.98,50.98,medium,low,9,namecheap,,,19/09/2026 14:04
b5bd171d-e208-42d7-8ab3-f970cc4fd16d,charismatic.fail,available,38.99,38.99,high,low,11,namesilo,,,30/09/2026 12:00
94f3cf7d-166b-493a-bed5-3006000b24b0,frozen.fail,available,40.98,50.98,high,low,6,namecheap,,,24/09/2026 19:29
13e4b52b-fa0b-41a2-a3df-96109f2a979e,clanking.fail,available,14.99,46.99,medium,low,8,name.com,,,12/08/2026 09:33
3a001851-a331-42b0-871c-38f5f0798627,reasonably.fail,available,38.99,38.99,medium,low,10,namesilo,,,25/09/2026 11:58
ddb61325-6ebd-4be8-b94b-918bca7753c5,caleb.fail,available,38.99,38.99,high,low,5,namesilo,,,27/09/2026 11:16
b41a7605-1606-49bb-82bd-b59c0a21dc48,asylum.fail,available,40.98,50.98,high,low,6,namecheap,,,20/09/2026 18:37
c7faf8f3-05e4-41f4-96d9-0237c35489e0,obstinate.fail,available,14.99,46.99,medium,low,9,name.com,,,13/08/2026 12:17
709531c6-7efe-4be0-9ff2-6f9f69fa91b9,galilean.fail,available,14.99,46.99,medium,low,8,name.com,,,18/08/2026 19:37
96803cec-6a61-4e8f-ae0f-9c8bf71d3ab7,phoenix.fail,available,38.99,38.99,high,medium,7,namesilo,,,24/09/2026 12:16
51e84e3f-7ac3-41e9-9d1d-30d1cc3a2b6a,rinse.fail,available,38.99,38.99,high,low,5,namesilo,,,01/10/2026 03:30
cf2881b4-c259-4320-bebf-667bb609da9d,gaslighter.fail,available,14.99,,medium,low,11,name.com,,,
29890cc3-4119-4caa-bc40-f4a72d0998f8,gjo.fail,available,40.98,50.98,medium,low,4,namecheap,,,17/09/2026 05:37
34430ebc-06d3-47cb-804f-de275ce6cc88,brilliant.fail,available,40.98,50.98,high,low,9,namecheap,,,23/09/2026 02:12
828e5041-ea90-4be8-8d5e-90cdea09e520,connoisseur.fail,available,31.25,31.25,high,low,11,spaceship,,,29/09/2026 02:31
bcf0cbd5-7497-48a9-bab0-30e1fe618e50,surroundings.fail,available,40.98,50.98,high,low,12,namecheap,,,28/09/2026 06:36
1ce790ff-535d-42b1-8793-55ade2ebd420,destroys.fail,available,8.24,32.32,low,low,8,dynadot,,,29/09/2026 05:36
7fa63b38-3ebb-4203-b526-7fbdafeeaa2c,flimsy.fail,available,14.99,46.99,medium,low,6,name.com,,,18/08/2026 08:15
8a4206fc-ff32-4fef-9679-ca33398e37ba,skittish.fail,available,38.99,38.99,medium,low,8,namesilo,,,10/09/2026 09:48
760a2156-0b83-46df-a82e-1d1a787798eb,catholicism.fail,available,38.99,38.99,high,low,11,namesilo,,,17/09/2026 00:07
9c94758c-b140-420c-ab03-c8f2a35b6a1d,sweatshirt.fail,available,31.25,31.25,high,low,10,spaceship,,,30/09/2026 12:42
596e01b7-413a-4535-96dd-9357a07fa21b,select.fail,available,38.99,38.99,high,medium,6,namesilo,,,22/09/2026 23:07
6663d242-7da8-4ee5-a583-4114cefb0e30,sheridan.fail,available,38.99,38.99,high,low,8,namesilo,,,25/09/2026 10:21
3469dbe5-cdf9-4a6e-aec0-e400aec19d0d,attendee.fail,available,38.99,38.99,high,low,8,namesilo,,,21/09/2026 01:26
b5652e56-a1ed-4371-b655-20b9701db234,cologne.fail,premium,78.54,78.54,high,low,7,namesilo,,,24/09/2026 16:20
b5f4414a-6e54-4c7d-9101-690b23dc3aad,aimlessly.fail,available,40.98,50.98,medium,low,9,namecheap,,,13/09/2026 18:28
55fb9c2a-8a37-4ce8-92f8-7d7a9501fb34,abettal.fail,available,38.99,38.99,medium,low,7,namesilo,,,16/09/2026 15:18
661b2c1b-676d-4ebe-8769-d679b0f2595a,elytra.fail,available,38.99,38.99,medium,low,6,namesilo,,,29/09/2026 23:37
502d2d17-f59e-4a6f-8306-0ff8ec5cdcf7,swain.fail,available,38.99,38.99,medium,low,5,namesilo,,,22/09/2026 21:56
83a4ebf8-90d2-4299-954e-9874f8ae494f,situations.fail,available,38.99,38.99,medium,low,10,namesilo,,,28/09/2026 04:50
c2a8061f-fe9f-442b-8b14-e3e1bf62ff94,xxxi.fail,available,14.99,46.99,medium,low,4,name.com,,,
b40eaa42-5649-4261-beb6-751c220a8d65,privily.fail,available,38.99,38.99,medium,low,7,namesilo,,,15/09/2026 21:31
8b70f9a3-05a3-417c-b856-89a664663fe0,blocked.fail,available,38.99,38.99,high,low,7,namesilo,,,22/09/2026 22:08
023747ce-4d7e-4e5b-943d-4ad9fb6d8048,feminism.fail,available,31.25,31.25,high,low,8,spaceship,,,29/09/2026 19:12
5c7d9dbf-fd4e-4be8-899d-08a10b6eee47,bayonne.fail,available,40.98,50.98,medium,low,7,namecheap,,,22/09/2026 18:07
8be62c91-465c-4def-b7df-79e40288f40b,monied.fail,available,14.99,46.99,high,low,6,name.com,,,25/08/2026 04:39
575e968c-e302-4e4f-b9f4-ddc4c2ecc461,tokyo.fail,premium,85.8,85.8,high,low,5,namecheap,,,24/09/2026 12:18
c70a40d6-5522-429c-895d-d8d94b5c958b,foetal.fail,available,14.99,46.99,medium,low,6,name.com,,,18/08/2026 02:18
bc159138-8c0a-45d1-b67e-64de0b372b40,completed.fail,available,38.99,38.99,high,low,9,namesilo,,,23/09/2026 17:22
15fcce38-32f7-48ed-88df-fd6fad8cf64f,endorse.fail,available,38.99,38.99,high,low,7,namesilo,,,08/09/2026 09:45
032a0ea1-a0ef-494d-a00f-ecd95d8ddd8a,fatigue.fail,available,40.98,50.98,high,low,7,namecheap,,,25/09/2026 11:36
bf611932-bc78-4ccb-b5ef-936f5d9d06a6,sterilization.fail,available,38.99,38.99,high,low,13,namesilo,,,16/09/2026 21:54
de4b05b1-5f9b-4525-818a-3861655e62ca,inexperienced.fail,available,38.99,38.99,medium,low,13,namesilo,,,30/09/2026 11:41
ab2a3d0c-8891-4b47-a77b-9a4d2357ead5,swiss.fail,premium,85.8,85.8,high,medium,5,namecheap,,,19/09/2026 06:01
83519d7d-59fb-45a6-a016-212da994bc03,demonstrated.fail,available,38.99,38.99,medium,low,12,namesilo,,,17/09/2026 21:56
7f56f2ab-64bb-451b-beca-38906739f2fc,interpreter.fail,available,31.25,31.25,high,low,11,spaceship,,,29/09/2026 08:27
fdd81fcf-921a-4505-b97c-3a7271a48217,prentice.fail,available,38.99,38.99,medium,low,8,namesilo,,,19/09/2026 22:19
ffc8b676-9de4-4191-9d44-4f97a7cf6b95,motile.fail,available,14.99,46.99,medium,low,6,name.com,,,25/08/2026 07:18
d12acfe6-8926-4ef2-a2e1-a9d9deb786bc,orphans.fail,available,30.2,30.2,low,low,7,cloudflare,,,28/09/2026 18:19
bff9885f-d21e-47ee-9416-2fe3f2522e17,stria.fail,available,38.99,38.99,medium,low,5,namesilo,,,22/09/2026 01:18
ca9a9a50-3b5a-422b-be2e-3c62efff6c1a,readiness.fail,available,38.99,38.99,high,low,9,namesilo,,,29/09/2026 01:53
19357994-dd10-4f98-ae45-38d965111721,dynamical.fail,available,14.99,46.99,high,low,9,name.com,,,14/08/2026 21:57
49eec078-0844-4134-94e2-d2f6f0ac55c7,attends.fail,available,38.99,38.99,medium,low,7,namesilo,,,17/09/2026 22:27
2e59cc33-fe25-40fd-a32b-8a7a5cd30b87,velvety.fail,available,38.99,38.99,high,low,7,namesilo,,,13/09/2026 02:00
c49b6f16-2861-4102-bd19-a43e6ca3c005,lasted.fail,available,38.99,38.99,medium,low,6,namesilo,,,28/09/2026 04:59
7bead7e9-4fac-4762-af2d-7398143cf955,poolside.fail,available,14.99,,high,low,8,name.com,,,
8b426a70-4162-49d5-ab4b-04875643c48a,alternatively.fail,available,38.99,38.99,medium,low,13,namesilo,,,16/09/2026 12:44
2f0feb8b-864d-456a-b4f0-3988c61e356b,starr.fail,available,40.98,50.98,high,low,5,namecheap,,,29/09/2026 07:58
c72d2e77-2942-4bc5-98b9-7145b414a3a8,soviets.fail,available,8.24,32.32,medium,low,7,dynadot,,,29/09/2026 13:58
326b2f2f-b8f8-46dc-91fc-9c84fafd37ab,liquors.fail,available,38.99,38.99,medium,low,7,namesilo,,,20/09/2026 06:24
013b8181-1eb7-4c3b-821b-ddc13904f415,expressway.fail,available,38.99,38.99,high,low,10,namesilo,,,30/09/2026 17:16
b2f28f78-7dc3-47e9-8edf-6ca73b6a113f,divinity.fail,available,40.98,50.98,high,low,8,namecheap,,,24/09/2026 21:26
f936f657-6e36-42ab-9c13-6c5ea99dfc10,undefiled.fail,available,38.99,38.99,medium,low,9,namesilo,,,12/09/2026 06:15
d472ddb5-e39e-4eed-a262-a56490e89418,billiard.fail,available,14.99,46.99,high,low,8,name.com,,,09/08/2026 21:25
92bcd9b8-afed-4e27-9881-5e8d4cb2c659,moi.fail,premium,36.3,36.3,high,low,3,dynadot,,,01/10/2026 01:27
8a7a8d08-b328-4915-a0fb-a50851758049,auntie.fail,available,38.99,38.99,high,low,6,namesilo,,,21/09/2026 04:11
9e818b8b-6ff7-4a24-85bf-f8d8899b2146,moby.fail,available,38.99,38.99,medium,low,4,namesilo,,,30/09/2026 04:05